start	end	text
0	6480	會登禪修課6 壽命無常
6480	10400	1 辭成羅珠康布獎售
10400	14240	更多課程請訪問康布官方網站
14240	17280	3W點會登之光點抗
30000	34480	3W點會登禪修課6 壽命無常
34480	45480	3W點會登禪修課6 壽命無常
45480	58160	3W點會登禪修課6 壽命無常
58640	66320	1W點會登禪修課6 壽命無常
66320	80240	3W點會登禪修課6 壽命無常
80240	85960	1W點會登禪修課6 壽命無常
86920	90760	1W點會登禪修課6 壽命無常
90760	99960	1W點會登禪修課6 壽命無常
99960	105520	1W點會登禪修課6 壽命無常
105520	109960	1W點會登禪修課6 壽命無常
109960	113120	8W點會登禪修課6 壽命無常
113120	115500	2W點會登禪修課6 壽命無常
115500	116660	1W點會登禪修課6 壽命無常
116660	117880	1W點會登禪修課6 壽命無常
117880	118660	1W點會登禪修課6 壽命無常
118660	120240	1W點會登禪修課 6 壽命無常
120240	121100	1W點會登禪修課6 壽命無常
121100	121980	1W點會登禪修課6 壽命無常
121980	122760	1W點會登禪修課6 壽命無常
122760	123500	1W點會登禪修課6 壽命無常
123500	124720	1W點會登禪修課6 壽命無常
124720	125720	1W點會登禪修課6 壽命無常
125720	129620	1W點會登禪修課 Ads 14 壽命無常
130620	133560	1W點會登禪修課6 壽命無常
134280	134940	1W點會登禪修課6 壽命無常
134940	136200	1W點會登禪修課6 壽命無常
136200	137200	1W點會登禪修課6 壽命無常
137200	138520	1W點會登禪修課6 壽命無常
138520	139800	1W點會登禪修課6 壽命無常
139800	140660	1W點會登禪修課6 壽命無常
140660	143400	1W點會登禪修課8 壽命無常
145900	146660	2W點會登禪修課6 壽命無常
146660	147820	1W點會登禪修課6 壽命無常
147820	148960	1W點會登禪修課7 壽命無常
149940	150360	OKOK
150360	151180	壽命無常
151180	154960	1W點會登禪修課6 壽命無常
154960	156200	1W點會登禪修課6 壽命無常
156200	159800	下午六十五日
159820	160140	1W點會登禪修課6 壽命無常
160140	165380	1W點會登禪修課6 壽命有度
165380	170240	1W點會登禪修課6 壽命無常
170240	172460	1W點會登禪修課6 壽命無常
172460	175680	1W點會登禪修課6 壽命無常
175680	176740	1W點會登禪修課6 壽命無常
176740	178380	3W點會登禪修課6 壽命無常
178520	179620	悲鋒
179680	182680	大家都發這個不遞心
182700	186260	不遞心說我們今天
186780	189500	聽渴的目的是什麼
189520	192020	除了我們今天的聽渴以外
192040	196780	還有我們平時有永死休心
196780	198560	這一切
198580	200120	都是為了什麼呢
200140	204400	必須要有一個很明確的目標
204400	208300	這個目標就是從大成佛教的教讀來講
208320	212240	這個目標就是成佛
212260	214980	成佛就是我們的目標
215000	218620	那成佛的目標是目的是什麼呢
218640	220460	為什麼要成佛呢
220480	223980	成佛就可以獨中生
224000	226020	可以利益中生
226040	228800	所以要成佛
228820	233360	我們的學佛的目的是為了成佛
233360	236600	成佛的目的就是為了
236620	238260	利益中生
238280	240340	為了更好的利益中生
240360	243260	那麼我們為了利益中生
243280	244580	要成佛
244600	246280	為了成佛
246300	249180	我們今天聽今天的渴
249200	251860	然後一步一步的秀
251880	254140	這個叫做法迫迪心
254160	256920	這樣子的發心
256940	259900	就叫做法迫迪心
259920	261720	請大家法迫迪心
261720	266080	接下來我們就講今天的渴
266100	268100	那麼今天的課呢
268120	272660	就是我們的這個最基礎的一個課
272680	275060	就是四家心的課
275080	278680	前面我們已經講過了人生難得
278700	283720	然後接下來就是要講死亡無常
283740	286620	首民無常
286640	288640	不僅是死亡
288640	292120	不僅是這個首民無常
292140	296180	萬事萬無都是無常
296200	298120	一切又違法
298140	300220	用佛教的話來講
300240	303500	就是叫做一切又違法
303520	304760	一切又違法
304780	306800	就是萬事萬無
306820	309900	萬事萬無就是一切又違法
309920	311600	那麼一切又違法
311620	314740	就是這個叫做就是無常
314760	316860	所有的又違法
316860	320340	都叫做這個無常
320360	323720	對 無常
323740	325500	那麼這個無常
325520	330540	雖然是一個基礎的最基礎的修法
330560	333060	但是對我們來說
333080	335660	是一個非常非常重要的修法
335680	338920	如果沒有無常的修法
338940	341120	那麼我們的這些
341140	343460	很多的文森修
343460	348000	以及其他的比如說像少像白佛等等
348020	354340	這些新山都不能成為一個截圖的法
354360	357100	也都不能成為一個大成的法
357120	359520	不能成為截圖之音
359540	361440	成佛之音
361460	366260	所以無常是非常的重要
366280	367920	然後我們有些人覺得
367940	371420	我們經常講這些無常
371420	372920	人生難得無常
372940	377760	這些都是很基礎的修法
377780	379140	沒有將大緣曼
379160	380400	沒有將大收音
380420	382180	沒有將迷法
382200	383280	這樣子的話
383300	385840	很多人覺得很可惜
385860	389180	很多人覺得這個無常人生難得
389200	393140	這些都是不知的修
393160	397980	或者是說這些都是下等根基的
397980	402980	下等根基的人的修法
403000	404980	很多人都有這種相反
405000	411380	所以很多人都不怎麼不太願意修無常
411400	414800	不太願意修這個死家性
414820	418580	然後有些人也會說
418600	420680	我們不需要修家心
420700	422940	直接修大緣曼
422960	424940	直接修大收音
424960	427480	這樣子的話就可以征誤了
427480	429280	其實這個就是一種忽悠
429300	431820	根本沒有這樣的可能
431840	434800	必須要從這個死家心
434820	437780	一步一步的秀
437800	440300	大家必須要了解自己
440320	442900	我們念這麼簡單的
442920	445160	比如說我們學語文
445180	447620	學書學等等
447640	451500	這些對相對來說
451520	453260	沒有那麼深好的東西
453260	456960	連這些東西都是從一年級
456980	459100	一步一步的學
459120	460120	一步一步的學
460140	461960	那麼像佛法這樣子的
461980	464100	深好的東西我們有可能
464120	465560	這些基礎都不做了
465580	467000	直接修大緣曼
467020	469920	有可能成功的可能心嗎
469940	474160	根本就不可能
474180	476760	像語文書學之類的東西
476780	479880	相比之下就是很簡單的
479880	481920	像佛教這樣的空心
481940	483640	明心監心
483660	485620	這些相對來說
485640	487900	就是語文書學
487920	491200	這是非常簡單的知識
491220	493800	但是那年這麼簡單的知識
493820	496160	我們都要從一年級
496180	498340	二年級一步一步一步
498360	501860	從小學中學去學
501880	506820	這些就是重奮的說明
506820	511120	我們必須要從最基礎開始學習
511140	513360	從最基礎開始秀
513380	517100	才會由成功的這個可能性
517120	518480	否則的話
518500	521020	我們修大緣曼
521040	524240	修大收音這些都是沒有勇的
524260	527260	所以如果有人說
527280	529280	我們不需要修人生難的
529300	531480	不需要修無常
531500	533280	直接可以修大緣曼
533300	535720	這些都完全是忽悠人
535720	538080	完全是有什麼其他的目的
538100	539800	沒有這樣子的
539820	545800	大家必須要從最基礎開始秀
545820	547720	那麼我們今天講的這個是
547740	549720	最基礎的這些修法
549740	551480	修法當中
551500	555120	還是相對比較重要的一個修法
555140	557900	叫做無暢的修法
557920	559620	人生無常
559640	561100	我們大家都知道
561120	563980	在理論上我們每個人都知道
563980	567360	然後我們的身邊也經常會發生
567380	572960	太多太多太多的無常的事情
572980	577440	然後我們每次在這個新聞上
577460	582640	也經常看到很多很多無常的事情
582660	587580	但是這些無常永遠都是一個
587600	590540	只是一個理論
590540	596400	那麼這些理論總是不能成為
596420	601520	一個我們的修心的董理
601540	603600	這是什麼原因呢
603620	605820	我們大家都知道我們總有一天
605840	611420	我們每個人都會死亡
611440	619060	然後身邊的一切都是在變化
619060	621440	這些我們都非常的清楚
621460	623960	我們幾乎沒有人不知道這一切
623980	626240	這些都是很清楚的
626260	630440	但是這些都不能成為一個董理
630460	631640	不論成為一個董理
631660	635340	這就是永遠是一個理論
635360	636540	這是什麼原因呢
636560	638240	就是我們沒有修
638260	640980	主要就是我們因為沒有修理論上
641000	644120	我們知道一些人生難得
644140	647860	學了以後也就基本上知道了人生
647860	650560	人生是非常非常難得的
650580	653840	但是我們修到今天
653860	659340	這個可能是每一個人的修心的程度
659360	660320	可能是不一樣
660340	664060	但是我相信每一個人都有一定的變化
664080	666720	需要有一定會有變化
666740	671180	我們都已經修了好幾個月了
671200	672920	好幾個月這樣子的話
672940	675320	每個人都一定會有變化
675320	679860	但是這個變化的程度可能是不一樣
679880	687120	跟每一個人自己的時間下了多大的功夫
687140	690940	修了多長時間這些都有關係的
690960	697200	但是總的來說每個人都有一定的收貨
697220	700220	接下來我們就是要修古昌
700240	703260	我們就要這樣子一步一步的
703260	705300	先修人生難得
705320	709360	讓我們認識到生命
709380	713360	我們的現在的生命當下的生命
713380	716200	是非常非常來自不一的
716220	721220	然後接下來就是修古昌
721240	726020	修了古昌以後讓我們知道人生
726040	728120	非常來自不一的
728120	732860	但是如果不珍惜不懂的珍惜
732880	735020	不乾淨修行的話
735040	741300	這個隨時都有可能發生很大的變化
741320	747120	這些都是我們的修心的東禮
747140	751380	因為我們就是沒有這樣子的修心的東禮
751400	755480	所以一開始的時候就取消了大元滿大首印
755480	761440	最後大元滿大首印都是修不上曲
761460	764220	不論沒辦法蒸誤
764240	769500	最後對佛法也就沒有太大的心信
769520	772460	對修心也沒有什麼很大的心取
772480	777540	最後就是沒有最後就是推適
777560	780940	這是一個非常的失敗的一個學佛的方法
780960	782980	一個非常失敗的
782980	786160	這個失敗是為什麼是以什麼原因
786180	789200	導致的主要的原因
789220	794960	主要的原因就是我們這些基礎的這些修心
794980	798360	這些基礎的修法沒有修好
798380	802080	就是因為這些基礎基本的這些東西沒有修好
802100	804340	我們的基礎不扎實
804360	808580	所以最後就是修不上曲
808580	812760	像大元滿大首印
812780	816320	然後就是傳宗的民進漸漸
816340	818520	這些都是非常好的
818540	820320	非常高深的方
820340	822580	非常神奧的方
822600	825080	佛教裡面
825100	829320	在佛教裡面沒有比這些法更深深的
829340	832320	都是非常了不起的
832340	835600	但是因為我們人的梗及
835600	838540	就是跟不上
838560	842780	我們的梗及就是不適應這些法
842800	844620	不適合這些法
844640	849020	所以最後我們還是以無所有
849040	852020	雖然一開始就去秀了大元滿大首印
852040	854820	什麼都聽了什麼都秀了
854840	857980	但是最後沒有什麼結果
858000	859880	也沒有民進漸漸
859900	861900	也沒有政務大元滿
861920	863300	最後就是推適
863300	866600	越來越沒有行信
866620	867640	然後這個時候
867660	870400	因為我們很多人的文思
870420	871720	不到為
871740	873980	文思不到為
874000	878220	缺乏了對佛教的這個徵體的人士
878240	879960	徵體的人士
879980	882120	這樣的以後我們這個時候
882140	884520	我們就會覺得這個是什麼問題
884540	886640	我們不讓這個時候我們
886660	888200	不覺得是自己的問題
888220	892680	我們會覺得這是佛法的問題
892680	895580	學了佛修路心
895600	897160	也沒有徵武了
897180	898080	也沒有徵武
898100	902360	所以最後就是對佛法是取行信
902380	905360	所以我說這個是很失敗的
905380	908380	那麼如果我們從人生難的
908400	910680	無常這樣子一步一步
910700	912460	修這樣子的話
912480	914580	那就是一定會有熟悔的
914600	916300	一定會有變化的
916320	920320	我們的內心黨中一定會產生變化
920320	925260	這個變化是不是往懷的方面邊
925280	927660	這是往好的方面邊
927680	929060	就是比如說我們有
929080	933380	秀了人生難得以後有明顯的變化
933400	935380	然後秀了無常以後
935400	937380	也有明顯的變化
937400	940140	然後後面的幾個修法
940160	943620	每一個修法都有
943640	946760	每一個修法都有熟悔
946760	951560	都就帶來了一些變化
951580	953080	這個變化
953100	956840	就是讓我們在這個修信的道路上
956860	959100	做得越做越好
959120	963260	那它就是成為修信的動力
963280	965060	然後在這個基礎上
965080	966640	一步一步修四家信
966660	967800	五家信都修完了
967820	969960	以後我們再去修餐廳
969980	972000	最後再去修大圓滿
972020	975560	或者是大收音、餐宗都可以的
975560	979460	這樣子才有機會
979480	982460	整物、才有機會整物
982480	986220	所以我們從佛教的教度來講
986240	988720	比如說我們從世俗的
988740	995100	從世俗的教度講
995120	1000320	我們有可能有博士、研究生
1000340	1003200	大部分都是大學生這樣子的
1003200	1005900	但是從佛教的教度來講
1005920	1008900	我們今天大家都是校學生
1008920	1012260	大家都是校學生
1012280	1014300	優遠的學生
1014320	1018300	所以我們還是要去學一下
1018320	1020960	比較適合我們的法
1020980	1022380	比較適合我們的法
1022400	1023360	是什麼呢
1023380	1027000	就是人生難得、死亡、無常
1027020	1031720	這樣子讓我們一步一步的群
1031720	1036600	一步一步的挑爭自己的心態
1036620	1038720	因為我們的內宅的
1038740	1042500	我們的價值觀當中
1042520	1045020	就有很多很多的這些
1045040	1048800	世俗的、不爭取的
1048820	1052980	符面的這樣子的價值觀
1053000	1055040	這些價值觀
1055060	1056720	就是導致了什麼呢
1056740	1058720	就是導致了
1058720	1062020	就是讓我們不想學佛
1062040	1063520	不想修心
1063540	1068720	更加的藍多、更加的食素、勇素
1068740	1070300	導致這些
1070320	1072360	這些價值觀
1072380	1076820	我們要通過文思和通過修心
1076840	1079040	來慢慢的挑爭
1079060	1081940	一步一步的挑爭
1081960	1082780	當然
1082800	1085980	如果我們有一天能夠征誤了空心
1085980	1087780	那這個所有的問題
1087800	1089280	就是一下子就解決了
1089300	1090620	但是我們現在
1090640	1094240	這種可能性不大
1094260	1095920	所以我們要把我們的這些
1095940	1098880	不好的這些觀念
1098900	1101240	要一步一步的挑爭
1101260	1103360	因為這些都是
1103380	1105300	在修心的道路上
1105320	1107040	在學佛的道路上
1107060	1109100	我們的這些觀念
1109120	1111640	都是障礙
1111660	1114180	這些障礙
1114180	1117000	我們向正午空心
1117020	1118600	大約的職會
1118620	1121880	來一下子全部
1121900	1125040	把這些所有的段調
1125060	1126560	這個可能性不大
1126580	1129080	因為我們的根據
1129100	1130300	沒有那麼的好
1130320	1132620	所以我們
1132640	1135340	比如說用人生難得
1135360	1137100	這樣子的修發
1137120	1139840	來這個
1139860	1142040	挑來這個解決
1142040	1143740	我們在之前
1143760	1146980	不懂得珍惜人生
1147000	1148680	不懂得珍惜生命
1148700	1152140	不懂得珍惜我們當下的機會
1152160	1154560	這樣子的這個難度
1154580	1157160	用這個方法來解決
1157180	1158900	然後生命無常
1158920	1161500	用生命無常的這種修發
1161520	1163500	來推翻
1163520	1166800	我們就
1166820	1169620	平時我們在生活當中覺得
1169620	1170860	死亡
1170880	1173920	離我們很遙遠
1173940	1175020	我們不會
1175040	1177280	總有一天大家都知道會死的
1177300	1180440	但是我們每一天都覺得
1180460	1182540	今天我一定不會死的
1182560	1185040	我們每一天都有這種相反
1185060	1187120	這種相反
1187140	1190280	到臨種的時候還會有的
1190300	1193120	就在湯在冰窗上
1193140	1196820	就是當天要亡生的那一天
1196820	1199680	遭傷他睜開眼睛的時候
1199700	1201000	還是有這種相反
1201020	1203040	今天我不會死的
1203060	1205520	他每一天都有這樣子的
1205540	1208400	除了計少數的人
1208420	1211240	就是修心少爲比較好的人
1211260	1214240	知道他自己什麼時候走頓
1214260	1215120	這樣子的人
1215140	1218960	以外我們其他的人
1218980	1220720	幾乎就是
1220740	1223800	幾乎所有人都是這樣子
1223800	1227220	知道我們總有一天會死的
1227240	1229940	有一天是我們的死亡的
1229960	1232300	有一天
1232320	1234560	但是這個不是今天
1234580	1237520	明天我們也會認為不是今天
1237540	1240980	然後我們一年的三百六十五天
1241000	1244100	我們每一天都會覺得不是今天
1244120	1246220	不會今天不會死的
1246240	1249260	生知是湯在冰窗上
1249280	1251800	就是要當天死亡的那一天
1251820	1253660	我們還是怎麼認為
1253660	1255600	今天我也不會死的
1255620	1257120	總有一天會死的
1257140	1259800	但是今天不會死
1259820	1261760	每天都是這麼想
1261780	1263760	每天都這麼認為
1263780	1268080	那就是這種電道的
1268100	1269460	不符合邏輯
1269480	1271320	不符合事實的
1271340	1273560	這種關鍵
1273580	1276060	這種關鍵叫做佛教裡面
1276080	1277880	叫做長治
1277900	1282320	就是倡助不謎的執著
1282320	1283720	這個執著
1283740	1285540	導致了什麼呢
1285560	1287300	導致了我們藍
1287320	1289140	每個人都很藍
1289160	1291060	不想休心
1291080	1292220	不想休心
1292240	1293780	如果想繳的話
1293800	1295220	那也就像我明天繳
1295240	1296260	後天繳
1296280	1297940	明年繳
1297960	1300260	推繳了以後取繳
1300280	1301460	就是這樣子
1301480	1303320	一隻都拖延
1303340	1304220	一隻都拖延
1304240	1307620	最後就是所有的集會
1307640	1310020	所有的這些集會都已經戳過了
1310040	1312060	最後就是沒有辦法
1312960	1314100	所以這種問題
1314120	1315440	我們怎麼樣解決呢
1315460	1319040	這種問題就是通過無倡來解決
1319060	1320660	我們很多很多很多的人
1320680	1323160	就是說我很藍
1323180	1323880	很藍
1323900	1326600	就是在休心的道路上不進進
1326620	1328400	怎麼辦
1328420	1331520	這個唯一的好最好的辦法
1331540	1333120	就是休無倡
1333140	1334080	很多人說
1334100	1336920	就是因為我很藍不進進
1336940	1339320	我需不需要念什麼粥
1339320	1341560	念粥也許有幫助
1341580	1343300	比如說我們年
1343320	1346060	金剛撒躲的粥等等這樣子的話
1346080	1347920	輕盡了椰帳
1347940	1352700	然後對休心感興趣
1352720	1354280	有這樣子的幫助
1354300	1357660	但是這個幫助是間接的
1357680	1359480	不是直接的幫助
1359500	1361340	直接的幫助
1361360	1362920	如果我們要想出一個
1362940	1365280	最有小的方法的話
1365300	1368620	那是最好就是這兩個
1368620	1371460	人生難得死亡無倉
1371480	1372660	如果這兩個修法
1372680	1374460	如果真的修得好的話
1374480	1377760	我們人從此以後不會懶惰
1377780	1381360	從此以後一定會很緊張的
1382400	1384200	那麼我們的前一個修法
1384220	1387640	就是人生難得的修法
1387660	1389120	應該是我們今天在左
1389140	1393800	大家都修過了人生難得的修心
1393820	1396380	那麼我們要回顧一下
1396380	1399720	或者是我們也要觀察一下
1399740	1400920	自我檢查一下
1400940	1403860	我們的修心的小國
1403880	1405960	大到了什麼樣的程度
1405980	1408660	到底有沒有什麼小國
1410660	1412080	這個非常重要
1412100	1414260	那它的表準是什麼呢
1414280	1415760	大約滿得前行
1415780	1417300	普遷上市研究
1417320	1420840	這裡面就是居了一個離子
1420860	1422840	居了一個離子
1422860	1424360	大家都這個由中文版
1424380	1426160	大家都知道等
1426160	1428400	有一個人
1428420	1430260	他非常非常勇功
1430280	1432420	非常精進的有一個人
1432440	1435860	他自從學佛了以後
1435880	1437480	他沒有睡過腳
1437500	1438700	沒有睡過腳
1438720	1442420	然後他的上市就告訴他
1442440	1444540	還是人還是要睡腳的
1444560	1445600	還是要休息的
1445620	1446820	如果不休息
1446840	1448740	那會生病的
1448760	1450700	你還是休息一下吧
1450720	1452120	然後這人就說
1452140	1456120	我一下我一笑這個人生難得的時候
1456120	1460380	就根本就沒有去睡腳
1460400	1463020	去休息這樣子的興趣
1463040	1465460	因為生命的每一分
1465480	1466580	每一秒
1466600	1469260	每一刻都是太太太
1469280	1470780	珍貴了
1470800	1474720	我不像浪費人生這個收明
1474740	1477380	所以我就一笑人生難得的時候
1477400	1478500	就不想去休息
1478520	1480780	不想睡腳這樣子的
1480800	1483660	那我們要達到這種程度
1483680	1484920	是很難的
1484920	1487500	這個是一個很高的表準
1487520	1489360	我們當然不可能
1489380	1491800	不可能我們永遠都不睡腳
1491820	1495140	本身就不可能的
1495160	1496940	但是我們還是要看看
1496960	1498300	有沒有什麼變化
1498320	1504180	比如說我們沒有休息人生難得的時候
1504200	1508080	不太東德珍惜
1508100	1512080	我們的當下的這些世界
1512080	1518260	不太覺得人生有多珍貴
1518280	1521860	我們的生命的每一分每一秒
1521880	1524760	不覺得有這麼的珍貴
1524780	1528260	之前沒有休之前是這樣子
1528280	1530900	然後休了以後確實是
1530920	1534180	發自歷新的甘絕倒了
1534200	1537200	這個生命是很珍貴
1537220	1541140	然後每一分每一秒都是非常非常珍貴
1541140	1544820	然後人生確實很不容易
1544840	1546980	有這樣的變化
1547000	1549180	有一定的變化的話
1549200	1552360	這個就是我們作為
1552380	1556100	休人生難得的表準
1556120	1558040	如果之前之後
1558060	1560400	都沒有任何的變化的話
1560420	1561900	我們雖然是休了
1561920	1564720	死互個月了
1564740	1565640	死互個月了
1565640	1574240	但是就是他的小履上
1574260	1575980	就是小履不搞
1576000	1577740	沒有什麼結果
1577760	1584180	只有休心的山根有福堡的
1584200	1587600	人生難得我們休一分鐘
1587620	1594240	休一秒鐘都有很大的福堡
1594240	1595520	只是有福堡
1595540	1597540	以實際上沒有小國
1597560	1598320	那這樣的的話
1598340	1599240	怎麼辦呢
1599260	1601560	就是要重新休
1601580	1602260	重新休
1602280	1605600	就是以後要像辦法再再休
1605620	1607760	重新休
1607780	1610740	如果有比較明顯的變化的話
1610760	1612280	這個我們可以算是一個
1612300	1617880	初步的一個金布
1617900	1620880	作為一個初步的成果
1620880	1624560	作為一個我們的暫時的表準
1624580	1625680	在這個期出上
1625700	1627880	我們可以進一步的休
1629300	1631700	那麼下一個休發
1631720	1635100	就是人生的生命無常
1635120	1636440	生命無常
1636460	1641400	有很多種不同的雄性的方法
1641420	1644980	阿迪夏遵遮的發賣當中
1645000	1650840	有很多很多不同的思維的方式
1650880	1655060	然後藏床佛教的每一個教牌裡面
1655080	1659920	都在講首名無常
1659940	1662480	就像中卡巴大使的
1662500	1664960	樸體到刺激廣輪
1664980	1668020	當中講得非常非常清楚
1668040	1670840	非常的清楚非常的廣
1670860	1676080	然後尼瑪巴的五孤廣遵治等
1676100	1679440	大約滿新西休息
1679440	1683400	還有就是這個普遣傷勢驗膠
1683420	1685620	這些裡面講得非常非常的清楚
1685640	1689620	也講得很多很全面的
1689640	1695560	但是這些都是打同效益
1695580	1700100	基本之上都是一樣的
1700120	1702500	這些雄法都基本上都是一樣的
1702520	1704460	有些社會有一點點不一樣
1704480	1706900	思維的方法有一點不一樣
1706920	1708760	但是實際上都是一樣的
1708760	1713700	我們這次根據大約滿的前性
1713720	1715920	普遣傷勢驗膠
1715940	1721440	根據當中講得去思考
1721460	1726080	那麼具體的思考的方式
1726100	1730320	這本書裡面從其個不同的方面
1730340	1735920	去思維有其個
1735920	1740100	第一個是比較宏廣的去瞭解
1740120	1744180	這個無常去干收無常
1744200	1745600	宏廣的
1745620	1749700	也就是說外在的時機
1749720	1754420	比如說我們的地球太陽席
1754440	1758160	還有就是這個雲重
1758180	1760180	銀河系雲重
1760180	1763620	這樣子的萬師萬武的教讀
1763640	1767240	去瞭解無常
1767260	1769520	其實實際上我們要
1769540	1773760	最後我們要知道的是我們自己的生命
1773780	1776460	是我們自己的人生
1776480	1779620	或者是我們的生命在編化
1779640	1780980	在無常
1781000	1783880	最後就是要落實到這個問題上
1783900	1789980	但是要全範圍的瞭解無常
1789980	1792180	不僅僅是我們的人生
1792200	1794740	不僅僅是我們的生命
1794760	1797340	萬師萬武都在編化
1797360	1799520	首先要知道這個道理
1799540	1802980	所以第一個思維的方式
1803000	1806020	讓我們去瞭解
1806040	1811140	這個玉州它的編化
1811160	1812740	當然玉州的編化
1812760	1816800	佛教裡面講的現代天文
1816800	1818100	可學講的
1818120	1821600	這些地方都有很多不同的地方
1821620	1826140	我們永那一個都可以的
1826160	1827040	大致上講
1827060	1829260	比如說我們用現代可學講的
1829280	1831880	這種方法去思考
1831900	1834840	去瞭解這個玉州的編化
1834860	1836260	地球的編化
1836280	1837900	地球都過去的編化
1837920	1841300	地球都未來的編化
1841320	1842060	這樣子的話
1842080	1845100	可能我覺得我們大部分的人
1845100	1850120	可能是比較容易接受
1850140	1852820	有科學的方法去思考
1852840	1855820	就像天文學講的
1855840	1857480	那樣子去思考
1857500	1858360	我們的過去
1858380	1861120	這個我們的地球是什麼樣子
1861140	1862800	現在是什麼樣子
1862820	1864280	大家基本上清楚
1864300	1866960	然後它未來又會是什麼樣子
1866980	1868360	這樣去瞭解
1868380	1870100	然後這個玉州是什麼樣子
1870120	1875060	然後從這個紅館的角度去瞭解
1875060	1876520	瞭解了以後
1876540	1877940	我們就知道
1877960	1880280	不僅僅是我們的人生
1880300	1883420	不僅僅是某一個東西
1883440	1888120	而且碼是玩物都在編化
1888140	1890420	有一句話說的非常的好
1890440	1894620	就是說我們的萬事萬物當中
1894640	1896820	唯一的不變的是
1896840	1898860	失誤值的編化
1898880	1900840	這句話說的是非常對等
1900860	1903160	唯一的不變的是什麼
1903160	1906100	唯一的不變的就是編化
1906120	1908300	編化它永遠都不會變的
1908320	1910720	永遠都不會停止
1910740	1913700	它永遠都會變的
1913720	1915300	其實這個說的是非常好的
1915320	1918800	這個就是萬事萬物都是這樣子
1918820	1919780	那這樣子以後
1919800	1921140	我們怎麼去思考呢
1921160	1924520	第一個佛教裡面講
1924540	1926280	城主壞空
1926300	1928000	城主壞空
1928020	1929060	城主壞空
1929080	1931960	國區很多很多很多很多年
1931960	1934200	以前
1934220	1936000	我像在佛教裡面沒有
1936020	1937760	沒有講一個具體的
1937780	1940040	很缺切的屬自
1940060	1944840	一個很遙遠很遙遠的時候呢
1944860	1947820	這個空間
1947840	1950520	空間是沒有地球的
1950540	1952040	沒有太陽的
1952060	1953840	沒有這些天體
1953860	1957360	這個三千大千世界當中
1957380	1961140	還沒有新城任何一個這個天體
1961960	1963200	都不存在的
1963220	1964620	那這個時候呢
1964640	1967300	就是一個一片這個徐空
1967320	1970940	除了徐空以外沒有任何的東西
1970960	1972060	但是呢
1972080	1975200	小城佛教的這個巨蛇輪
1975220	1977820	當中講得非常的清楚
1977840	1980500	那這個時候雖然是沒有
1980520	1983280	這個徐空當中雖然是沒有一個
1983300	1985760	很明顯的物質沒有一個
1985780	1989120	我們現在看到的這些這些東西
1989140	1990920	這些天體
1990920	1992500	但是呢
1992520	1994760	這個時候這個徐空當中
1994780	1998540	就是充滿了能量
1998560	1999960	或者是粒子
1999980	2004100	最小最小我們的眼睛看不見的
2004120	2006360	我們的感官
2006380	2008280	甘守不倒的這些
2008300	2012160	最無知的最基本的單位
2012180	2014000	就是粒子這樣子的
2014020	2017320	用佛教的話來講這個叫做微臣
2017320	2022320	很稀微很稀微的這個粒子
2022340	2026000	這個是在這個漁中當中是充滿了
2026020	2027700	這些東西的
2027720	2031880	然後呢在一定的客觀的條件下
2031900	2034220	它就是慢慢慢慢的就是
2034240	2037680	變成了這個我們現在能夠看得到的
2037700	2039700	這種物質
2039720	2042320	那這個是古老的
2042340	2046760	古老的外刀將
2046760	2051060	造物主把這些粒子
2051080	2054080	讓它變成一個
2054100	2056240	這個星球
2056260	2057760	變成了一個星球
2057780	2060760	變成了我們的這個低球
2060780	2064560	還有就是我們看到的這些各種各樣的天體
2064580	2066020	那佛教呢
2066040	2068480	它不認為這個是造物主
2068500	2070820	把它們變成一個星球
2070840	2074260	佛教就將圓棋
2074280	2076480	就是跟自然科學講的一樣
2076500	2080400	圓棋在一定的客觀的條件下
2080420	2082100	這些能量
2082120	2085480	最後就是變成了一個物質
2085500	2087320	變成了一個粒子
2087340	2089640	然後更多的粒子架在一起
2089660	2094160	最後就是變成了我們今天看到的這些物質
2094180	2096680	這些天體
2096700	2099380	但是這些都不存在之前呢
2099380	2104380	叫做就是一片許空一片太空
2104400	2106280	這叫做孔
2106300	2108720	趁著懷孔的孔
2108740	2111380	成就是在
2111400	2114640	在這個客觀的條件都成熟的情況下
2114660	2116840	然後它這些能量
2116860	2120340	慢慢慢慢就是變成了這些稀味的物質
2120360	2122220	能量也是一個物質
2122240	2125460	這些最稀味最稀味的物質
2125480	2128040	然後居在一起
2128040	2130040	然後組合
2130040	2133040	最後就是構成了一個
2133060	2137040	我們能夠看到的這個物質星球
2137060	2139040	這個叫做成
2139060	2141040	然後住
2141060	2143040	住就是我們現在的這個時候
2143060	2145040	地球來講現在的這個時候
2145060	2148040	這也有一個很長很長的時間
2148060	2150040	然後最後呢
2150060	2152040	成住
2152060	2154040	最後就是懷
2154060	2156060	懷就是它的毀滅
2156060	2160060	佛教就講我們的這個
2160080	2163060	地球最後
2163080	2166060	佛教也就講最後這個
2166080	2168080	涵養的能量
2168100	2171060	這個熱量越來越大越來越大
2171080	2176060	最後就把這個地球也會回掉
2176080	2178060	地球也會回掉
2178080	2180060	慢慢的就變成了
2180080	2184060	慢慢就變成成為一個
2184060	2188060	不適合居住人類
2188080	2192060	不適合居住生命的一個
2192080	2194060	一個一個搞文的星球
2194080	2196060	然後最後呢
2196080	2198060	它就會回掉
2198080	2200060	那回掉了以後
2200080	2202060	有最後還是回到
2202080	2204060	前面的這個空的階段
2204080	2208060	整個的這個星球都不存在了以後
2208080	2211060	然後中間就有很長時間
2211080	2214040	很長時間就是空沒有任何的星球
2214060	2216060	一個這樣子的時候
2216080	2219040	只有能量只有細微的物質
2219060	2223040	沒有這些我們能看到的這些物質
2223060	2226040	然後呢又過了成千上萬年
2226060	2230040	以後呢又在這個科館的條件
2230060	2232040	居北的情況下
2232060	2234040	又把這些能量又變成
2234060	2238040	最後又變成一個物質
2238060	2239040	最後這些物質
2239060	2241040	越來越多以後
2241060	2243040	又變成一個星球
2243040	2245020	但是這個就像我們
2245040	2248020	無力當中講的物質不滅一樣
2248040	2250020	物質它是存在的
2250040	2252020	只不過就是它的分散
2252040	2253020	和聚合
2253040	2255020	聚在一起的時候
2255040	2257020	就變成了一個星球
2257040	2259020	分散了以後
2259040	2261020	它就變成了一個能量
2261040	2262020	這個能量
2262040	2263020	就是在這個
2263040	2265020	這個虛空當中
2265040	2267020	它就在這個虛空當中
2267040	2269020	密滿在虛空當中
2269040	2270020	但是人看不見
2270040	2271020	人看起來
2271020	2273000	就像一個虛空一樣
2273020	2274000	這個就叫做
2274020	2275000	佛教將的
2275020	2277000	稱主壞孔
2277020	2278000	這個世界
2278020	2280000	就是這樣子
2280020	2282000	就像壞眼睛當中將
2282020	2285000	這個三千大千世界
2285020	2287000	這個胎孔外胎孔當中
2287020	2289000	有成千上萬的宇宙
2289020	2291000	成千上萬的宇宙
2291020	2293000	有些宇宙呢
2293020	2294000	正在
2294020	2296000	正在這個新城
2296020	2298000	有些
2298020	2299000	正在這個
2299000	2300980	現在存在
2301000	2302980	有些正在灰滅
2303000	2304980	有些是
2305000	2306980	已經灰滅的這個虛空
2307000	2308980	就是有各種各樣的實際
2309000	2310980	這個世界
2311000	2312980	就在這樣子邊化
2313000	2314980	任何一個
2315000	2316980	宇宙當中的
2317000	2317980	任何一個
2318000	2319980	它的成員
2320000	2321980	都在邊化
2322000	2323980	都在邊化
2324000	2325980	這是佛教將的
2326000	2326980	我們首先
2326980	2328960	去思考
2328980	2330960	這些問題
2330980	2331960	比如說
2331980	2332960	像我們的
2332980	2333960	現在的
2333980	2335960	像台陽
2335980	2336960	然後就是我們的
2336980	2338960	像蒂秋
2338980	2339960	這樣子的
2339980	2340960	無知
2340980	2342960	巨大的這個填體
2342980	2343960	無知
2343980	2345960	總有一天
2345980	2347960	它也會走向
2347980	2348960	灰滅
2348980	2349960	走向灰滅
2349980	2350960	最後以後
2350980	2351960	它也變成了
2351980	2352960	能量
2352980	2354960	變成了這個
2354980	2355960	例子
2355960	2358960	那
2358960	2359960	台陽
2359960	2361960	蒂秋這樣子的
2361960	2362940	巨大的無知
2362960	2364940	最後都變成了
2364960	2366940	在這個虛空當中
2366960	2367940	小使的話
2367960	2369940	那麼我們一個人
2369960	2371960	是非常非常
2371960	2372940	描小的
2372960	2374940	一個人的生命
2374960	2376940	一個人的身體
2376960	2378940	都是非常的描小
2378960	2380940	非常非常描小
2380960	2381940	那麼
2381960	2383940	像台陽
2383960	2384940	宇宙
2384940	2386920	在台陽系裡面
2386940	2388920	所有的這個成員
2388940	2390920	或者是我們
2390940	2392920	就像在高原上
2392940	2394920	彎山一看
2394940	2396920	天氣比較輕的時候
2396940	2398920	一看這麼多的
2398940	2399920	心心
2399940	2401920	無數的這些心心
2401940	2402920	心空當中
2402940	2404920	看到的無數的心心
2404940	2406920	總有一天
2406940	2407920	這些
2407940	2409920	都會毀滅
2409940	2411920	這些都會不存在的
2411940	2413920	有這麼一天
2413920	2415900	我們這麼描小的
2415920	2416900	一個人
2416920	2418900	怎麼可能沒有變化
2418920	2420900	怎麼可能是
2420920	2422900	不變
2422920	2424900	要去這麼去思維
2424920	2426900	但是我們沒有
2426920	2427900	說我們不變
2427920	2429900	我們沒有
2429920	2431900	比如說我們問
2431920	2433900	今天問貓一個人
2433920	2434900	任何一個人
2434920	2436900	大家都會是我們在別
2436920	2437900	我們總有一天
2437920	2438900	也會失望
2438920	2440900	大家都這麼說
2440920	2442900	但是
2442900	2443880	理論上
2443900	2444880	大家這麼認為
2444900	2445880	理論上
2445900	2446880	這麼認為
2446900	2447880	但是
2447900	2449880	實際上我們不這麼認為
2449900	2450880	等
2450900	2451880	實際上我們
2451900	2452880	就是
2452900	2454880	三百六十五天
2454900	2455880	每一天我們都在覺得
2455900	2457880	今天我不會死的
2457900	2459880	我們每天都這麼說
2459900	2460880	這麼認為
2460900	2462880	但是理論上
2462900	2463880	我們會說
2463900	2465880	這個三百六十五天
2465900	2466880	當中
2466900	2467880	任何一天
2467900	2468880	我都有可能死亡的
2468900	2470880	理論上我們會這麼
2470900	2472880	這麼這麼認為
2472900	2474880	三百六十五天
2474900	2476880	當中每一天
2476900	2478880	都有可能死亡
2478900	2480880	這是理論
2480900	2481880	但是
2481900	2482880	實際上
2482900	2484880	三百六十五天
2484900	2486880	我們每一天都會
2486900	2488880	覺得我今天不會死
2488900	2490880	那這個理論
2490900	2492880	跟這個實際
2492900	2493880	就是有這麼大的
2493900	2494880	這個距離
2494900	2495880	那這個距離
2495900	2496880	我們怎麼樣
2496900	2497880	這個距離
2497900	2498880	說笑
2498900	2500880	就是需要修
2500900	2501880	需要去修
2501880	2524860	去修
2524880	2525860	去修
2525880	2527860	去修
2527880	2530860	去修
2530860	2531860	一個人
2531860	2533840	如果如果活到八十歲
2533860	2536840	每一年都有十二個月
2536860	2538840	然後
2538860	2543840	每一年都有三百六十五天
2543860	2546840	那麼這三百六十五天
2546860	2548840	當中我們理論上
2548860	2550840	讓我們去說
2550860	2552840	那我們一定會說
2552860	2554840	一個人活到八十歲
2554860	2557840	每一年
2557860	2559840	每一年都有三百六十五天
2559840	2561820	每一天都有可能
2561840	2563820	這個人有可能死亡
2563840	2566820	我們理論上我們一定會這麼說
2566840	2568820	我們不可能說
2568840	2570820	這個某一天是他絕對不會死的
2570840	2572820	沒有這樣子的理由
2572840	2574820	所以我們理論上
2574840	2576820	我們一定會說
2576840	2578820	任何一天他都有可能死
2578840	2580820	但是我們自己會這麼
2580840	2582820	實際上我們自己會
2582840	2583820	是怎麼認為嗎
2583840	2584820	根本不是
2584840	2587820	實際上我們每一天
2587820	2589800	每天照上我們
2589820	2591800	其中真太嚴謹的時候
2591820	2593800	就是已經
2593820	2594800	默認了
2594820	2597800	今天我是絕對不會死的
2597820	2599800	所以我今天要做很多實際
2599820	2601800	要安排很多實際
2601820	2603800	等等
2603820	2605800	所以我們的理論
2605820	2607800	跟這個實際的
2607820	2609800	我們的想法是某頓的
2609820	2611800	但是我們沒有發現
2611820	2613800	這個問題
2613820	2615800	然後
2615800	2617780	某頓了這兩個某頓了
2617800	2618780	以後實際上
2618800	2619780	給我們導致了一些
2619800	2620780	什麼樣的問題
2620800	2624780	我們也沒有去思考這些問題
2624800	2626780	所以現在
2626800	2628780	我們就是要通過
2628800	2630780	這個無常的修法
2630800	2633780	來警告自己
2633800	2635780	警告我們自己
2635800	2637780	每一天都有可能的
2639800	2641780	然後理論上我們
2641800	2644780	知道不進進是這一點
2644780	2646760	然後每一天我們
2646780	2648760	真正的在生活當中
2648780	2650760	讓我們感覺到
2650780	2652760	今天我真的有可能
2652780	2655760	死亡要擾用這樣子的感受
2655780	2657760	這樣子以後
2657780	2659760	我們才懂得
2659780	2661760	珍惜自己的生命
2661780	2663760	珍惜我們當下的
2663780	2665760	一切的機會
2665780	2667760	才能夠去
2667780	2670760	才能夠懂得這個珍惜
2670780	2671760	否則的話
2671780	2673760	我們永遠都是理論上
2673760	2675740	就是我們每一個人
2675760	2676740	都會說很多很多
2676760	2678740	很多很多的道理
2678760	2680740	但是這些道理
2680760	2682740	根本就沒有用
2682760	2683740	實際上我們
2683760	2685740	內心當種
2685760	2687740	內心深處
2687760	2689740	就已經我們
2689760	2691740	自己否定了這個理論
2691760	2693740	就我們一定會
2693760	2695740	覺得我今天不會死的
2695760	2696740	這就是理論
2696760	2698740	這個理論我們否定了
2698760	2700740	實際上這個理論
2700760	2702740	它是對的
2702740	2705720	它是有證據的
2705740	2707720	但是我們已經
2707740	2709720	沒人了的這個觀念
2709740	2711720	它是沒有道理的
2711740	2712720	它沒有什麼道理
2712740	2714720	它沒有什麼證據
2714740	2715720	但是我們
2715740	2717720	雖然是沒有道理
2717740	2719720	雖然是沒有證據
2719740	2720720	但是我們
2720740	2722720	就是否定了我們的理論
2722740	2723720	就是理論上
2723740	2726720	說我今天有可能走
2726740	2727720	但是
2727740	2729720	實際上覺得我今天
2729740	2731720	絕對不會走
2731720	2734700	然後每一天都這麼想
2734720	2736700	如果我們每一天都這麼想
2736720	2737700	每一天的
2737720	2739700	我們的想法是對的話
2739720	2741700	那我們永遠都不會死亡的
2741720	2743700	因為我們每一天都
2743720	2744700	只要我活著
2744720	2746700	我就是認為我不會死的
2746720	2747700	那這樣子的話
2747720	2748700	沒有一天
2748720	2751700	是沒有死亡的一天
2751720	2754700	所以這個理論上
2754720	2756700	知道是根本沒有用的
2756720	2758700	人生難得
2758720	2760700	我們連理論上
2760700	2762680	都不怎麼知道的
2762700	2764680	然後無常
2764700	2766680	因為我們的生活當中
2766700	2767680	我們的身邊
2767700	2769680	發生了太多太多的
2769700	2770680	無常
2770700	2772680	太多的無常
2772700	2774680	所以我們沒有辦法
2774700	2776680	說我自己不別
2776700	2778680	我自己今天這一天
2778700	2779680	不會死亡
2779700	2781680	沒有這樣子的理由
2781700	2783680	所以理論上我們
2783700	2784680	就只能接受了
2784700	2785680	但是
2785700	2786680	實際上我們
2786700	2788680	一直都在否定這個理論
2788680	2790660	一直都在否定
2790680	2791660	我們不接受
2791680	2793660	沒有接受
2793680	2795660	那現在我們
2795680	2797660	小無常的這個
2797680	2799660	目的就是什麼呢
2799680	2800660	讓我們
2800680	2802660	發自雷心的
2802680	2804660	去接受這個理論
2804680	2806660	接受這個理論
2806680	2808660	接受了以後
2808680	2809660	在工作當中
2809680	2811660	生活當中
2811680	2813660	每一天
2813680	2814660	我們
2814680	2815660	如果真的
2815680	2816660	發自雷心的
2816680	2818660	能夠接受這個
2818680	2819660	理論
2819680	2821660	接受這個道歷的話
2821680	2823660	我們的
2823680	2825660	這個生活
2825680	2827660	就會有很大的邊話
2827680	2830660	然後我們一定會思考
2830680	2832660	我今天應該做什麼
2832680	2834660	我今天應該這個
2834680	2835660	二十四小時
2835680	2837660	當中我應該去做的是什麼
2837680	2839660	我們會考慮的
2839680	2841660	否則的話
2841680	2843660	我們就不會去想這麼多
2843680	2845660	所以
2845680	2846660	佛陀
2846660	2848640	讓我們首先
2848660	2849640	要秀這些
2849660	2851640	最基礎的這些東西
2851660	2852640	這樣子
2852660	2854640	以後我們第一個
2854660	2856640	就秀
2856660	2858640	從這個
2858660	2860640	外面的時間
2860660	2862640	從餘中
2862660	2864640	的教讀
2864660	2866640	去思考
2866660	2867640	我們剛才講了
2867660	2868640	成主壞空
2868660	2870640	從科學的教讀來講
2870660	2872640	科學有很多的說法
2872660	2874640	但是其中有一個說法
2874660	2875640	比如說
2875640	2877620	我們的地球
2877640	2878620	最早的時候
2878640	2880620	是不存在的
2880640	2881620	然後
2881640	2882620	存在的時候
2882640	2884620	產生的時候
2884640	2886620	它不像是我們今天的這樣
2886640	2888620	它就是一個
2888640	2890620	搞文的這個填體
2890640	2892620	高文的填體
2892640	2894620	大部分的這個
2894640	2895620	它的構成的成分
2895640	2897620	就是
2897640	2899620	容易
2899640	2901620	演講
2901640	2903620	那麼最後就
2903640	2904620	慢慢慢慢的
2904620	2905600	就溫度下去了
2905620	2906600	以後
2906620	2907600	它就變成了
2907620	2908600	今天的星球
2908620	2910600	在這個過程當中
2910620	2912600	因為這個高文
2912620	2913600	有氣體
2913620	2914600	這個氣體
2914620	2916600	就在外面
2916620	2918600	就是蒸發了蒸氣
2918620	2920600	然後這個蒸氣
2920620	2921600	就在空中
2921620	2922600	變成了
2922620	2924600	雲和魚
2924620	2926600	然後下了大量的魚
2926620	2927600	就是
2927620	2928600	變成了我們的
2928620	2930600	今天的海洋
2930620	2931600	然後慢慢慢慢
2931620	2932600	海洋
2932600	2934580	然後這些路地出來了
2934600	2935580	就是我們
2935600	2936580	慢慢的變成
2936600	2937580	今天的這個
2937600	2939580	這個地球
2939600	2940580	已經過了
2940600	2942580	已經過了這個
2942600	2944580	四十五一年
2944600	2945580	就是這樣子
2945600	2947580	我們從這個角度去思考
2947600	2948580	也是可以的
2948600	2949580	那我們這麼
2949600	2950580	大一個星球
2950600	2951580	最早的時候
2951600	2953580	是不存在的
2953600	2954580	然後
2954600	2956580	出現了以後
2956600	2957580	然後它
2957600	2959580	就是一個高文的
2959600	2960580	活球一樣
2960600	2961580	根本就
2961580	2963560	不是像我們現在的這樣
2963580	2964560	那麼經過了
2964580	2965560	這麼多的這個時間
2965580	2966560	以後
2966580	2967580	那就慢慢
2967580	2968560	慢慢的變成了
2968580	2970560	今天的這個
2970580	2971560	地球
2971580	2972560	然後未來
2972580	2974560	它也在不斷的邊化
2974580	2976560	有一天它也會毀滅
2976580	2978560	從這個角度來思考
2978580	2979560	也可以的
2979580	2980560	反正我們
2980580	2981560	要知道這個
2981580	2983560	紅管的角度
2983580	2984560	魚粥
2984580	2985560	地球
2985580	2986560	這些都在邊
2986580	2987560	而且邊化
2987580	2988560	特別特別的
2988580	2989560	大
2989580	2990560	等等
2990560	2991540	就是我們一些
2991560	2992540	它的一些
2992560	2993540	細節的邊化
2993560	2994540	也可以去思考
2994560	2995540	這些我們
2995560	2996540	就不需要
2996560	2997540	這樣的態度
2997560	2998540	大家知道的
2998560	3000540	這些東西
3000560	3001540	地球的邊化
3001560	3003540	地球的這個
3003560	3005540	比我氣溫上升
3005560	3007540	然後這些
3007560	3008540	比如說
3008560	3009540	南極背季的
3009560	3010540	冰都在融化
3010560	3012540	然後海綿的
3012560	3013540	水平綿
3013560	3015540	這個
3015560	3017540	慢慢的蒸稿
3017560	3018540	然後它海邊的
3018560	3019540	很多的城市
3019540	3020520	慢慢就受到
3020540	3021520	很大的影響
3021540	3022520	等等
3022540	3023520	這些都是邊化
3023540	3026520	我們都可以去思考這些
3026540	3028520	這個就是我們
3028540	3030520	把首先
3030540	3032520	首先去學
3032540	3034520	先去學一下這些
3034540	3035520	這些知識
3035540	3037520	學好了以後
3037540	3038520	直到了以後
3038540	3040520	我們兩邊都可以學
3040540	3041520	佛教的
3041540	3042520	居世倫
3042540	3043520	當中講的
3043540	3045520	城主壞孔
3045540	3046520	四個這個
3046540	3047520	階段
3047540	3049520	要去學一下
3049540	3051520	這個就是
3051540	3053520	大元曼的前星
3053540	3055520	普先生是演教
3055540	3057520	當中講的
3057540	3058520	很清楚了
3058540	3060520	我覺得我們不需要
3060540	3061520	太複雜的比如
3061540	3063520	所向居世倫
3063540	3065520	當中講廟宿的
3065540	3066520	特別的清處
3066540	3067520	然後這樣
3067540	3068520	也非常非常多
3068540	3069520	很複雜
3069540	3071520	我覺得不需要
3071540	3072520	這麼複雜的東西
3072540	3073520	我們簡單的
3073540	3074520	去瞭解一下
3074540	3076520	就像大元曼的前星
3076540	3077520	普先生是演教
3077540	3079520	當中講的一樣
3079540	3080520	去瞭解一下
3080540	3081520	就可以了
3081540	3083520	然後科學的知識也
3083540	3085520	也就是我們不需要
3085540	3087520	太相信的去瞭解
3087540	3089520	太細節的東西
3089540	3091520	他們的說法也不太一樣的
3091540	3093520	但是我們任何一個
3093540	3095520	任何一個說法
3095540	3097520	都可以做為我們
3097540	3099520	一種思考的
3099540	3100520	材料
3100540	3102520	就是思維的方式
3102540	3104520	通過他的方式
3104540	3106520	取干涉
3106540	3108520	這個地球的邊化
3108520	3110500	就可以了
3110520	3111500	就可以
3111520	3112500	對兩個
3112520	3113500	首先我們要去
3113520	3114500	學一下
3114520	3116500	知識先去學
3116520	3117500	學完了
3117520	3118500	以後
3118520	3120500	就開始大左
3120520	3122500	大左的時候
3122520	3123500	大左的時候
3123520	3124500	我們
3124520	3126500	這個前面
3126520	3127500	大家都已經
3127520	3128500	有一定的
3128520	3129500	經驗
3129520	3131500	所以我們就基本上
3131520	3132500	知道怎麼做了
3132520	3133500	所以我們現在
3133520	3134500	這些都不需要講了
3134520	3135500	譬如啟發
3135520	3137500	排除無期
3137500	3139480	然後就起到
3139500	3140480	實際上模擬佛
3140500	3142500	然後就發
3142500	3144480	最后就實際上模擬佛
3144500	3146480	融入自己的心
3146500	3148480	然後最後就自己心
3148500	3149480	和佛的知會
3149500	3150480	融為一體
3150500	3151480	等等
3151500	3152480	這些我們都
3152500	3153480	已經不需要講了
3153500	3154480	那麼
3154500	3156480	大家都已經修了
3156500	3157480	好幾個月了
3157500	3158480	不需要講
3158500	3160480	然後這些都做好了
3160500	3161480	以後
3161500	3163480	然後我們
3163500	3164480	接下來
3164500	3165480	去思考
3165500	3167480	思考
3167500	3169480	思加心
3169500	3170480	無加心
3170500	3172480	基本上這些
3172500	3174480	所有的這些
3174500	3175480	修心
3175500	3177480	都是一個思考的過程
3177500	3179480	都有思考
3179500	3181480	中間
3181500	3182500	譬如說我們
3182500	3183480	思考時間長了
3183500	3184480	以後
3184500	3185480	譬如說
3185500	3186500	乾到比較
3186500	3187480	皮卷
3187500	3188480	這樣子的話
3188500	3189480	我們
3189500	3190480	有些時候就可以
3190500	3191480	接下來
3191500	3193480	停止所有的
3193500	3194480	思維
3194500	3196480	所有的思維
3196480	3197460	所有的思考
3197480	3198460	都聽下來
3198480	3199460	安住在一個
3199480	3201460	無念的狀態當中
3201480	3203460	無念是什麼
3203480	3205460	就是什麼也不像
3205480	3206460	國取的
3206480	3207460	未來的
3207480	3208460	我們都不像
3208480	3209460	當下的
3209480	3211460	所有的這些
3211480	3212460	年頭
3212480	3213460	好的
3213480	3214460	不好的
3214480	3215460	山的
3215480	3216460	惡的
3216480	3217460	全部放下來
3217480	3219460	因為我們這個生活
3219480	3220480	思考
3220480	3221460	思維的比較多了
3221480	3222460	多了
3222480	3223460	以後
3223480	3224460	比較感覺
3224460	3226460	皮老比較容易
3226460	3227460	緊下來
3227460	3228460	這個時候
3228460	3230440	有這麼幾分鐘的時間
3230460	3232440	是沒有思考
3232460	3233440	沒有思維的
3233460	3235440	安住在這個當中
3235460	3236440	除了這個
3236460	3238440	這麼一點點的
3238460	3240440	時間以外
3240460	3241440	這麼一段時間以外
3241460	3242440	其他的
3242460	3243440	都是
3243460	3244440	所有的
3244460	3245440	思加性
3245460	3246440	和無加性
3246460	3248440	都是一個
3248460	3249440	思考的過程
3249460	3251440	尤其是
3251460	3253440	思加性
3253440	3255440	全部都是思考
3255440	3256440	都是思維
3256440	3257440	思考
3257440	3258440	因為我們
3258440	3259440	為什麼不學佛
3259440	3261440	為什麼不休息
3261440	3262440	我們為什麼
3262440	3263440	懶
3263440	3264440	為什麼
3264440	3265440	相休息
3265440	3266440	也不
3266440	3267440	實際上做不到
3267440	3268440	這是什麼原因
3268440	3269440	就是
3269440	3270440	因為我們
3270440	3271440	有些
3271440	3273440	關聯的問題
3273440	3274440	關聯的問題
3274440	3276440	有些錯誤的關聯
3276440	3277440	就是
3277440	3278440	導致了很多
3278440	3278440	
3278440	3279440	負面的
3279440	3279440	
3279440	3280440	情緒
3280440	3281440	不像學佛
3281440	3282440	不像休息
3282440	3284440	不積極相商
3284440	3286440	就是
3286440	3287440	就是喜歡
3287440	3288440	吃喝
3288440	3289440	晚餓
3289440	3290440	不積極相商
3290440	3292440	這些原因
3292440	3292440	
3292440	3293440	因為我們
3293440	3294440	一些錯誤的
3294440	3295440	關聯
3295440	3297440	導致的結果
3297440	3297440	
3297440	3298440	現在
3298440	3299440	要挑正
3299440	3301440	這些錯誤的關聯
3301440	3302440	錯誤的關聯
3302440	3304440	怎麼去挑正呢
3304440	3306440	這是還是要通過
3306440	3308440	通過思考
3308440	3309440	這個不是
3309440	3310440	通過
3310440	3311440	沙頭
3311440	3312440	不是通過
3312440	3314440	燒香拜佛
3314440	3315440	不是通過
3315440	3316440	年金
3316440	3318440	吃酒
3318440	3319440	而是
3319440	3321440	通過思考
3321440	3322440	通過一個
3322440	3324440	離心的思考
3324440	3325440	通過一個
3325440	3326440	符合世世的
3326440	3328440	一個這樣子的思考
3328440	3330440	通過這個思考
3330440	3331440	來挑正
3331440	3332440	我們的
3332440	3334440	不符合世世的
3334440	3335440	不符合世世的
3335440	3336440	這些錯誤的
3336440	3337440	這些關聯
3337440	3339440	這些錯誤的關聯
3339440	3341440	在挑正過來了以後
3341440	3342440	最後
3342440	3343440	我們
3343440	3344440	就是
3344440	3346440	有了一個
3346440	3347440	全新的
3347440	3348440	佛教的
3348440	3349440	假之官
3349440	3350440	這個叫做
3350440	3351440	處理心
3351440	3352440	普蒂心
3352440	3353440	這些都是
3353440	3354440	佛教的
3354440	3355440	最重要的
3355440	3356440	這個假之官
3356440	3357440	那我們
3357440	3358440	就是需要
3358440	3359440	有這樣的
3359440	3360440	假之官
3360440	3361440	所以
3361440	3362440	要休
3362440	3363440	休
3363440	3364440	這樣一步一步的
3364440	3365440	取休
3365440	3366440	然後
3366440	3366440	
3366440	3367440	以後
3367440	3368440	我們剛才講的
3368440	3369440	就是一個
3369440	3370440	思考的
3370440	3371440	國城
3371440	3372440	思考的時候
3372440	3373440	我們剛才講過了
3373440	3375440	具體的方法
3375440	3376440	第一個
3376440	3377440	就是去
3377440	3378440	宇宙的
3378440	3378440	
3378440	3379440	懷孔
3379440	3380440	去思考一下
3380440	3381440	這些
3381440	3383440	其實這些
3383440	3385440	不是最重要了
3385440	3386440	我們
3386440	3387440	實際上
3387440	3389440	我們最最最重要的
3389440	3390440	就是
3390440	3391440	我們去
3391440	3393440	休我們自己的身體的邊話
3393440	3394440	還有
3394440	3395440	就是我們的
3395440	3397440	首名的邊話
3397440	3398440	這些是最重要
3398440	3399440	我們對我們的
3399440	3400440	乾出
3400440	3401440	最深的
3401440	3403440	乾出最大的
3403440	3404440	不是這個
3404440	3405440	宇宙的邊話
3405440	3406440	宇宙的邊話
3406440	3407440	邊和不邊
3407440	3408440	都沒有什麼
3408440	3409440	什麼關係
3409440	3413440	然後
3413440	3414440	其他的
3414440	3415440	這些
3415440	3416440	很多很多的
3416440	3417440	這些
3417440	3418440	屬裏面這樣的
3418440	3419440	這些
3419440	3420440	邊話
3420440	3421440	對我們
3421440	3422440	是沒有
3422440	3423440	什麼
3423440	3424440	直接的關係
3424440	3425440	也許乾出
3425440	3426440	不是很深
3426440	3427440	但是
3427440	3429440	讓我們全方位的
3429440	3430440	去瞭解
3430440	3431440	這個無暢
3431440	3432440	所以
3432440	3433440	我們還是要
3433440	3434440	把這些
3434440	3435440	宇宙
3435440	3436440	什麼都要去
3436440	3437440	笑一下
3437440	3438440	所以
3438440	3439440	首先
3439440	3440440	我們
3440440	3441440	去思考
3441440	3442440	接下來
3442440	3443440	以後
3443440	3444440	然後
3444440	3445440	就
3445440	3446440	首先
3446440	3447440	去思考
3447440	3448440	這個過程當中
3448440	3449440	有幾個問題
3449440	3450440	我們
3450440	3451440	要注意
3451440	3452440	我們上一次
3452440	3453440	也將過了
3456440	3457440	首先
3457440	3459440	暗主行
3459440	3460440	這個
3460440	3461440	九竹心
3461440	3462440	九竹心
3462440	3463440	九竹心
3463440	3464440	我們以前將過
3464440	3465440	餐廳的
3465440	3466440	這個
3466440	3467440	覺巧
3467440	3468440	裏面將過
3468440	3469440	九竹心當中
3469440	3470440	我們
3470440	3471440	有幾個
3471440	3473440	是比較
3473440	3474440	重要的
3474440	3477440	有幾個是比較重要
3477440	3479440	有幾個是比較重要
3479440	3480440	有幾個
3480440	3481440	比較重要
3481440	3483440	第一個是暗主行
3483440	3484440	暗主行
3484440	3485440	暗主
3485440	3486440	這個
3486440	3487440	九個當中的
3487440	3488440	第一個暗主
3488440	3489440	暗主
3489440	3490440	首先
3490440	3491440	我們
3491440	3492440	比如說
3492440	3492440	
3492440	3493440	接下來
3493440	3494440	把這個
3494440	3495440	前面的
3495440	3496440	這些
3496440	3497440	法不低心
3497440	3498440	還有
3498440	3499440	披露氣犯
3499440	3500440	排除
3500440	3501440	無切的
3501440	3502440	全部做好了以後
3502440	3503440	然後我們
3503440	3504440	接下來
3504440	3505440	然後
3505440	3506440	去思考
3506440	3507440	開始思考
3507440	3508440	這個
3508440	3509440	宇宙的邊話
3509440	3510440	比如說
3510440	3511440	我們先去
3511440	3512440	思考
3512440	3513440	佛教
3513440	3515440	陳主壞空
3515440	3516440	這樣子的時候
3516440	3517440	然後
3517440	3518440	我們的心
3518440	3519440	或者是
3519440	3520440	我們的
3520440	3521440	朱一麗
3521440	3523440	全聖
3523440	3524440	關朱
3524440	3525440	宇宙的
3525440	3526440	這個
3526440	3527440	陳
3527440	3528440	或者是
3528440	3529440	朱壞空的
3529440	3530440	某一個
3530440	3531440	階段的時候
3531440	3532440	我們
3532440	3533440	很
3533440	3534440	很用心的
3534440	3535440	很
3535440	3536440	人真的
3536440	3537440	去專注
3537440	3538440	這個
3538440	3539440	邊話的時候
3539440	3540440	我們
3540440	3541440	就已經
3541440	3542440	放棄了
3542440	3543440	所有的
3543440	3544440	這些
3544440	3545440	其他的
3545440	3546440	這個
3546440	3547440	雜年
3547440	3548440	也就是我們已經
3548440	3549440	離開了
3549440	3550440	已經
3550440	3551440	拒絕了
3551440	3552440	所有其他的
3552440	3553440	雜年
3553440	3554440	我們的
3554440	3555440	所有的朱一麗
3555440	3556440	已經
3556440	3557440	集中在
3557440	3558440	這個
3558440	3559440	陳主壞空
3559440	3560440	這樣子的
3560440	3561440	上面
3561440	3562440	這個時候
3562440	3563440	我們的心
3563440	3564440	已經安住在
3564440	3565440	這個
3565440	3566440	陳主壞空
3566440	3567440	當中了
3567440	3568440	所以
3568440	3569440	這叫做
3569440	3570440	安住心
3570440	3571440	這是
3571440	3572440	非常的重要
3573440	3575440	如果沒有安住心
3575440	3576440	沒有安住心的
3576440	3577440	情況
3577440	3578440	是什麼樣子
3578440	3579440	就像我們
3579440	3580440	這個
3580440	3580440	
3580440	3581440	當中
3581440	3582440	我們
3582440	3583440	不休心的時候
3583440	3584440	就是
3584440	3585440	沒有安住心
3585440	3586440	我們沒有安住什麼
3586440	3588440	我們的心
3588440	3589440	非常非常地
3589440	3590440	散亂
3590440	3590440	
3590440	3591440	想
3591440	3591440	
3591440	3591440	
3591440	3592440	想
3592440	3593440	那個
3593440	3593440	
3593440	3594440	有開心
3594440	3594440	
3594440	3595440	有不開心
3595440	3595440	
3595440	3595440	
3595440	3596440	想
3596440	3597440	閃
3597440	3598440	惡
3598440	3599440	等等
3599440	3600440	很多很多的
3600440	3601440	舒服心的
3601440	3602440	這些
3602440	3603440	念頭
3603440	3605440	它是沒有一個
3605440	3606440	沒有一個
3606440	3607440	這個
3607440	3608440	安住的
3608440	3609440	沒有一個
3609440	3610440	安住的點
3610440	3611440	它是
3611440	3612440	胡思亂想
3612440	3613440	簡直
3613440	3614440	這是
3614440	3614440	
3614440	3615440	混亂的
3615440	3616440	狀態
3616440	3617440	所以它
3617440	3618440	沒有安住心
3618440	3620440	有了安住心以後
3620440	3621440	我們把這些
3621440	3622440	思維
3622440	3624440	規範
3624440	3625440	規範
3625440	3626440	征力
3626440	3627440	這裡面
3627440	3628440	這些思維過濾了
3628440	3629440	不要了
3629440	3630440	也就是說
3630440	3631440	除了這個
3631440	3632440	成朱壞空
3632440	3633440	這樣子的
3633440	3634440	思維以外
3634440	3635440	所有的
3635440	3636440	其他的
3636440	3637440	這些
3637440	3638440	思維
3638440	3638440	
3638440	3639440	這些
3639440	3640440	念頭
3640440	3642440	我們都拒絕了
3642440	3643440	都拒絕了
3643440	3645440	都原理他們了
3645440	3646440	然後
3646440	3647440	原理了以後
3647440	3648440	我們的心
3648440	3650440	就有一個目標
3650440	3651440	就放在這個
3651440	3652440	目標下面
3652440	3654440	讓它去思考
3654440	3655440	這個東西
3655440	3658440	所以叫做暗主心
3658440	3661440	暗主心是
3661440	3662440	非常非常重要
3662440	3664440	暗主的時候
3664440	3666440	然後
3666440	3667440	我們
3667440	3668440	一定會
3668440	3669440	就是暗主
3669440	3671440	的幾分鐘以後
3671440	3673440	就沒辦法再暗主了
3673440	3674440	沒有辦法再暗主
3674440	3675440	這個時候
3675440	3676440	我們的心
3676440	3677440	有回
3677440	3678440	向另外一個
3678440	3680440	跟我們的這個目標
3680440	3682440	沒有任何關係
3682440	3684440	沒有任何關係的東西
3684440	3686440	叫做走神
3686440	3688440	跑神
3688440	3690440	用佛教的話來講
3690440	3691440	這叫做
3691440	3692440	釣菊
3692440	3693440	釣菊
3693440	3694440	或者是我們
3694440	3695440	比較大家都常用的
3695440	3696440	詞來講的話
3696440	3697440	就是
3697440	3698440	三亂
3698440	3699440	三亂
3699440	3700440	走神
3700440	3701440	跑神
3701440	3702440	佛教的話
3702440	3703440	就叫做
3703440	3704440	釣菊
3704440	3705440	意思
3705440	3706440	就是說
3706440	3707440	這個時候
3707440	3708440	我們的心
3708440	3711440	已經離開這個
3711440	3712440	朱體了
3712440	3713440	已經離開了
3713440	3714440	這個目標
3714440	3716440	它已經沒有在
3716440	3717440	思考
3717440	3718440	思考這個
3718440	3719440	無常
3719440	3720440	它沒有思考無常
3720440	3722440	它去向
3722440	3723440	去
3723440	3724440	向另外一件事情
3724440	3725440	根本就
3725440	3726440	跟這個
3726440	3727440	無常
3727440	3728440	是沒有任何關係的
3728440	3729440	工作上的
3729440	3730440	家庭等
3730440	3732440	執行
3732440	3734440	這個時候
3734440	3736440	這個問題
3736440	3737440	我們每一個人
3737440	3738440	都會遇到的
3738440	3740440	而且
3740440	3741440	尤其是
3741440	3742440	剛剛開始
3742440	3744440	修行的時候
3744440	3745440	這個事情
3745440	3746440	是讓我們
3746440	3747440	都感到
3747440	3748440	非常的困難
3748440	3749440	就是
3749440	3750440	信進不下來
3750440	3751440	就進不下來
3751440	3752440	大作了
3752440	3754440	很長時間
3754440	3755440	整個的
3755440	3756440	大作的
3756440	3757440	過程當中
3757440	3759440	沒有幾分鐘
3759440	3761440	沒有一個
3761440	3762440	時間
3762440	3763440	完全能夠進得下來
3763440	3765440	全部都是
3765440	3766440	忽視亂想
3766440	3767440	這樣子的
3767440	3768440	狀態
3768440	3770440	讓人很失望
3770440	3771440	這樣子
3771440	3773440	很不愉快
3773440	3774440	出來出定了
3774440	3775440	以後都心裡
3775440	3777440	很不開心
3777440	3780440	有這樣子的問題
3780440	3781440	但是這個
3781440	3782440	是我們
3782440	3783440	之前就講過了
3783440	3784440	這個大家
3784440	3785440	一定要有
3785440	3786440	充分的
3786440	3788440	思想準備
3788440	3789440	我們要有充分的
3789440	3790440	思想準備
3790440	3791440	去面對這樣子的
3791440	3792440	先事
3792440	3793440	這個是
3793440	3795440	很真長的情況
3795440	3796440	很真長
3796440	3797440	每一個人
3797440	3798440	都會遇到
3798440	3799440	這個問題
3799440	3800440	很真長的
3800440	3801440	但是
3801440	3802440	如果我們
3802440	3804440	能夠堅持的話
3804440	3805440	它不可能
3805440	3806440	它永遠都是這樣子
3806440	3807440	一定會
3807440	3808440	越來越好
3808440	3809440	不會
3809440	3810440	越來越緩
3810440	3812440	不會越來越糟糕
3812440	3813440	一定是
3813440	3814440	開頭的時候
3814440	3815440	是非常的糟糕
3815440	3816440	就是
3816440	3817440	很真長的情況
3817440	3818440	好面
3818440	3819440	一定會
3819440	3821440	越來越
3821440	3822440	越來越好的
3822440	3823440	所以這個
3823440	3824440	沒問題的
3824440	3826440	我們要相信
3826440	3827440	這個之後
3827440	3829440	就會有好的路可以走
3829440	3830440	就可以了
3830440	3832440	這個時候
3832440	3834440	我們就會周審的
3834440	3836440	周審的時候
3836440	3837440	這時候
3837440	3838440	我們就需要兩個
3838440	3839440	兩個東西
3839440	3840440	叫什麼呢
3840440	3841440	叫
3841440	3842440	政治
3842440	3843440	和整年
3843440	3844440	就需要
3844440	3845440	這兩個
3845440	3846440	整治整鏈
3846440	3848440	整治整鏈
3848440	3850440	我是
3850440	3851440	佛教的這個
3851440	3852440	詞
3852440	3853440	政治整鏈
3853440	3855440	就是佛教的詞
3855440	3858440	我們用佛教的
3858440	3860440	解釋
3860440	3861440	去瞭解
3861440	3862440	政治整鏈
3862440	3864440	這兩個詞的內容
3864440	3866440	政治是什麼呢
3866440	3867440	當我們
3867440	3868440	在觀察的時候
3868440	3869440	或者是
3869440	3872440	我們在修餐廳的時候
3872440	3874440	這個時候
3874440	3875440	我們的心
3875440	3877440	要去見識
3877440	3878440	他自己的狀態
3878440	3880440	他自己的
3880440	3881440	舉動
3881440	3882440	他的活動
3882440	3884440	他自己去見識
3884440	3887440	他自己能見識自己嗎
3887440	3888440	這個可以的
3888440	3890440	我們曾經也降過很多
3890440	3891440	這我們的心
3891440	3893440	就一個這樣子的功能
3893440	3894440	他第一個
3894440	3896440	他可以
3896440	3900440	去分析判斷
3900440	3902440	外載的所有的東西
3902440	3904440	他可以去研究
3904440	3905440	他可以去判斷
3905440	3907440	他可以去思考
3907440	3909440	然後
3909440	3911440	思考的同時
3911440	3913440	他也完全
3913440	3915440	清楚的
3915440	3916440	解釋
3916440	3917440	或者是
3917440	3918440	甘守話
3918440	3919440	所謂的解釋
3919440	3921440	他完全
3921440	3922440	可以甘守到
3922440	3925440	他自己的編化
3925440	3927440	或者是他自己的活動
3927440	3929440	用佛教的話
3929440	3931440	這叫做自治之命
3931440	3933440	我們以前降過很多字
3933440	3934440	自治之命
3934440	3936440	只有四個字
3936440	3937440	有高層次的
3937440	3939440	有低層次的
3939440	3940440	是什麼呢
3940440	3941440	高端的
3941440	3942440	自治之命
3942440	3943440	就是
3943440	3944440	傳宗講的
3944440	3946440	明星堅信
3946440	3947440	或者是大圓門的
3947440	3949440	正五紅星
3949440	3951440	這個就是自治之命
3951440	3952440	然後呢
3952440	3954440	低層次的是什麼
3954440	3955440	就是我們
3955440	3957440	當我們在向某一件事情的時候
3957440	3959440	我們的心
3959440	3960440	非常清楚的
3960440	3962440	甘守到他自己在向什麼
3962440	3964440	這叫做自治之命
3964440	3965440	我們現在
3965440	3966440	降的自治之命
3966440	3967440	就是這個
3967440	3969440	這個自治之命
3969440	3971440	叫做政治
3971440	3973440	正確的
3973440	3975440	甘守
3975440	3977440	政治
3977440	3979440	這時候呢
3979440	3981440	主要他的主要的
3981440	3982440	主要的
3982440	3984440	左右是什麼呢
3984440	3986440	就是要去堅實
3986440	3988440	要堅實他
3988440	3990440	要堅實他自己
3990440	3992440	要知道他自己在
3992440	3993440	向什麼
3993440	3995440	這個是非常重要
3995440	3997440	跟我們整個的大做的
3997440	3998440	過程當中
3998440	3999440	這個是
3999440	4001440	不能缺少的
4001440	4003440	如果沒有政治
4003440	4005440	沒有政治的情況
4005440	4007440	是什麼樣子呢
4007440	4008440	如果沒有政治
4008440	4010440	那是一個什麼樣的狀態呢
4010440	4011440	沒有政治的話
4011440	4012440	我們
4012440	4013440	比如說一開始的時候
4013440	4015440	我們在向無場
4015440	4016440	在向無場
4016440	4018440	兩分鐘以後呢
4018440	4019440	我們已經
4019440	4022440	我們的心已經離開了
4022440	4024440	無場這個主體
4024440	4026440	已經走省了
4026440	4028440	他現在根本沒有起向
4028440	4029440	無場他現在
4029440	4030440	他向的是
4030440	4033440	完全跟無場沒有關係的東西
4033440	4035440	但是我沒有發現
4035440	4037440	我自己沒有發現
4037440	4039440	那就是這個
4039440	4041440	就是因為沒有政治
4041440	4043440	沒有政治就是這樣子
4043440	4044440	沒有發現的話
4044440	4045440	他有可能
4045440	4046440	三分鐘
4046440	4047440	五分鐘
4047440	4049440	都沒有發現
4049440	4051440	然後他一直都像
4051440	4052440	這些
4052440	4055440	跟修心沒有關係的這些事情
4055440	4057440	但是我一直都像
4057440	4058440	一直都像
4058440	4059440	沒有感覺到
4059440	4061440	我現在是錯了
4061440	4062440	沒有感覺到
4062440	4064440	我沒有感覺到
4064440	4065440	我現在已經離開了
4065440	4067440	這個修心的目標
4067440	4069440	這樣子以後呢
4069440	4071440	浪費了很多很多的時間
4071440	4072440	浪費很多時間
4072440	4073440	如果
4073440	4076440	我們剛剛開始修心的時候
4076440	4079440	我們就能夠
4079440	4083440	專注某一個目標的時間
4083440	4085440	是不多的
4085440	4086440	不多的
4086440	4088440	因為我們剛剛在勳聯
4088440	4089440	不多的
4089440	4090440	然後呢
4090440	4091440	走繩
4091440	4093440	跑繩這樣子的時間
4093440	4094440	三分鐘
4094440	4095440	五分鐘這樣子的話
4095440	4097440	那我們專注的時間
4097440	4098440	是兩分鐘
4098440	4099440	跑繩走繩
4099440	4100440	這樣七分鐘
4100440	4101440	十分鐘
4101440	4102440	這樣子的話
4102440	4103440	實際上
4103440	4104440	我們比如說
4104440	4105440	大作大一個小時
4105440	4107440	真正這個當中
4107440	4111440	去思考我們的修心的目標
4111440	4112440	主體這個時間
4112440	4115440	就只有二十分鐘左右了
4115440	4116440	所以這個
4116440	4118440	是很浪費時間的
4118440	4120440	所以必須要有爭執
4120440	4122440	爭執是最主要的
4122440	4124440	有了爭執
4124440	4127440	它就發現
4127440	4131440	我的心已經離開了這個主體的時候
4131440	4134440	接下來我們要去做什麼呢
4134440	4137440	然後就必須要採取措施
4137440	4139440	採取措施
4139440	4140440	採取什麼樣的措施呢
4140440	4141440	掉局
4141440	4144440	有掉局的這個措施
4144440	4147440	魂稱就有魂稱的措施
4147440	4149440	如果我不相信
4149440	4153440	就是人在這個大作
4153440	4154440	但是呢
4154440	4156440	我們的心裡的狀態
4156440	4157440	就是一個
4157440	4158440	一致都是一個
4158440	4160440	魂魂稱稱的一個狀態
4160440	4162440	就是
4162440	4165440	這四位思路非常非常的魂亂
4165440	4167440	然後又很模糊
4167440	4169440	很模糊
4169440	4170440	不清洗
4170440	4172440	偷鬧不清洗
4172440	4174440	很魂稱
4174440	4176440	這種狀態當中
4176440	4177440	我們修了一個小時
4177440	4178440	兩個小時
4178440	4180440	也不會有什麼
4180440	4182440	不會有什麼這個結果
4182440	4184440	沒有進步
4184440	4186440	如果是這種狀態的話
4186440	4188440	那政治必須要知道
4188440	4191440	我現在是已經出獄
4191440	4196440	已經出獄這個魂稱的狀態
4196440	4198440	那麼出獄這個狀態
4198440	4200440	是不正常的
4200440	4201440	不正常的
4201440	4202440	所以必須要採取措施
4202440	4204440	必須要調整
4204440	4205440	怎麼樣調整
4205440	4206440	它的方法是什麼呢
4206440	4208440	這個我們曾經將過了
4208440	4209440	灰燈之光裡面
4209440	4210440	也有
4210440	4211440	比如說
4211440	4213440	我們用涼水
4213440	4215440	就洗洗臉
4215440	4216440	或者是這個
4216440	4218440	石類的這個溫度
4218440	4219440	所以要降低
4219440	4220440	等等
4220440	4221440	這都已經將過了
4221440	4223440	不需要再降
4223440	4224440	就是必須要有
4224440	4227440	採取這樣子的措施
4227440	4229440	如果是調局
4229440	4231440	調局是這個
4231440	4233440	這個魂稱的
4233440	4235440	對立的
4235440	4236440	對立的
4236440	4237440	就是調局
4237440	4239440	就是三亂
4239440	4240440	心境不下來
4240440	4242440	根本就進不下來
4242440	4244440	然後就是像各種各樣的
4244440	4246440	這些雜年
4246440	4248440	都
4248440	4250440	都貓出來
4250440	4251440	這樣子的話
4251440	4252440	這個時候
4252440	4254440	也要有政治
4254440	4255440	政治它
4255440	4257440	必須要知道
4257440	4259440	要知道我現在
4259440	4260440	處於
4260440	4262440	這個
4262440	4264440	調局
4264440	4266440	三亂的狀態
4266440	4268440	就是處於三亂的狀態
4268440	4269440	必須要知道
4269440	4271440	直到了以後
4271440	4273440	然後一級就要調整
4273440	4274440	採取措施
4274440	4275440	三亂
4275440	4276440	那三亂的時候
4276440	4278440	我們這個回動之光裡面
4278440	4279440	也將過了
4279440	4280440	失淚的溫度
4280440	4282440	稍微要調告一點
4282440	4284440	或者是
4284440	4286440	如果大左的地方
4286440	4287440	很涼的話
4287440	4288440	這個光線
4288440	4290440	稍微暗一點
4290440	4291440	等等
4291440	4292440	這些方法
4292440	4294440	通過這些方法
4294440	4296440	慢慢的調整
4300440	4302440	需要有政治和整理
4302440	4303440	然後
4303440	4305440	有這個調整
4305440	4306440	調局
4306440	4308440	調局和魂稱的
4308440	4309440	調整的方法
4309440	4311440	這個都是我們
4311440	4313440	修任何一個
4313440	4314440	佳心
4314440	4315440	都需要的
4315440	4317440	這是
4317440	4318440	大家要記住
4318440	4319440	這是我們整個的
4319440	4320440	這個修行的過程
4320440	4322440	到處非常非常重要的
4322440	4324440	我們很多人都驚下來了
4324440	4326440	我們很多人就身體
4326440	4328440	人的身體在大左
4328440	4330440	但是
4330440	4332440	很多人不知道
4332440	4333440	想什麼
4333440	4335440	然後
4335440	4336440	心
4336440	4338440	我們很多人的
4338440	4340440	都說我心境不下來
4340440	4342440	需不需要念什麼咒
4342440	4343440	這個也
4343440	4344440	我們剛才講的一樣
4344440	4345440	念咒
4345440	4346440	也許
4346440	4347440	像年金鋼薩多
4347440	4348440	這些的話
4348440	4350440	消除了我們的嘴液
4350440	4352440	會修心有一些幫助
4352440	4353440	但是這個
4353440	4354440	就是一個
4354440	4355440	很堅決
4355440	4357440	堅決的方法
4357440	4359440	不是一個直接的方法
4359440	4360440	直接的方法
4360440	4363440	這是餐廳的這些手段
4363440	4364440	這些方法
4364440	4365440	才是
4365440	4368440	最直接的這個對峙的方法
4368440	4370440	就是需要政治正念
4370440	4371440	需要政治正念
4371440	4372440	正念
4372440	4373440	我們剛才講的是
4373440	4374440	政治
4374440	4375440	正念的意思
4375440	4376440	就是說
4376440	4377440	我們的心
4377440	4379440	專注於
4379440	4383440	暗注於某一件主體
4383440	4384440	比如說無常
4384440	4386440	或者是人權難得
4386440	4387440	然後
4387440	4389440	這個目標
4389440	4391440	一直在我的心中
4391440	4392440	我沒有把它
4392440	4393440	亡掉
4393440	4395440	這叫做正念
4395440	4396440	沒有亡掉
4396440	4398440	沒有亡掉的意思
4398440	4399440	就是說
4399440	4401440	它沒有離開我們的心
4401440	4402440	我一直都在
4402440	4403440	向這個事情
4403440	4405440	我一直都在思考這個
4405440	4407440	這叫做這個
4407440	4408440	爭念
4408440	4410440	需要有爭念
4410440	4411440	如果沒有
4411440	4412440	爭念的狀態
4412440	4413440	是什麼樣子
4413440	4414440	沒有爭念
4414440	4415440	比如說
4415440	4417440	我們一開始的時候
4417440	4419440	在思考這個無常
4419440	4420440	然後
4420440	4421440	這個時候
4421440	4423440	思無常
4423440	4424440	比如說
4424440	4426440	成主壞空
4426440	4428440	這些都在我的心中
4428440	4430440	我在思考它
4430440	4431440	這個叫做
4431440	4432440	有爭念
4432440	4434440	沒有爭念
4434440	4436440	沒有爭念
4436440	4437440	就是我們的心中
4437440	4439440	把這些東西都亡掉了
4439440	4440440	亡掉了
4440440	4441440	意思就是說
4441440	4444440	我們根本沒有去思考這些
4444440	4445440	這些主體
4445440	4447440	已經離開了我們的心
4447440	4449440	這個就是沒有爭念
4449440	4451440	沒有爭念
4451440	4453440	然後沒有爭念
4453440	4455440	但是如果有爭執的話
4455440	4457440	它會跳爭過來的
4457440	4459440	它就知道這個
4459440	4461440	已經出問題了
4461440	4462440	餐廳就出問題了
4462440	4464440	它就跳爭過來
4464440	4465440	但是
4465440	4466440	沒有爭念
4466440	4468440	沒有爭念上面
4468440	4470440	也沒有爭執的話
4470440	4472440	就是一直都
4472440	4474440	離開這個主體
4474440	4476440	也不知道離開了主體
4476440	4477440	那一直都是這樣子
4477440	4479440	這個一個混亂的狀態
4479440	4480440	然後這個餐廳
4480440	4481440	就是沒有任何的效果
4481440	4483440	沒有任何的結果
4483440	4484440	這樣子的
4484440	4485440	所以我們
4485440	4487440	不能沒有這兩個
4487440	4489440	爭執和爭念
4489440	4491440	這兩個同時不存在
4491440	4492440	同時沒有了
4492440	4493440	那這樣子就我們
4493440	4495440	就根本就
4495440	4496440	這個餐廳
4496440	4497440	是根本沒有
4497440	4499440	沒有效果的
4499440	4500440	所以
4500440	4501440	最後
4501440	4503440	有爭執
4503440	4505440	整年兩個都存在
4505440	4506440	那是最好了
4506440	4507440	但是
4507440	4509440	如果沒有整年
4509440	4511440	如果有爭執
4511440	4513440	它立即就會發現
4513440	4514440	這個我現在的
4514440	4516440	修心的狀態
4516440	4517440	是不對的
4517440	4518440	它立即發現
4518440	4519440	發現了
4519440	4520440	就會跳爭了
4520440	4522440	但是沒有爭執
4522440	4523440	不僅是沒有爭念
4523440	4524440	而且
4524440	4525440	爭執也沒有
4525440	4526440	這樣子的話
4526440	4529440	第一個餐廳出問題
4529440	4530440	然後也
4530440	4532440	沒有發現出了問題
4532440	4534440	這個是最糟糕的狀態
4534440	4536440	所以
4536440	4537440	這些都是
4537440	4539440	我們的一些
4539440	4540440	極奔的
4540440	4541440	極奔的
4541440	4542440	知識
4542440	4543440	極奔的方法
4543440	4544440	餐廳的
4544440	4545440	極奔的方法
4545440	4546440	大家都要
4546440	4548440	大作的過程當中
4548440	4550440	要注意
4550440	4551440	大作的
4551440	4553440	有沒有效果
4553440	4555440	修心修的好
4555440	4556440	與不好
4556440	4557440	就是有沒有
4557440	4558440	這些方法
4558440	4559440	而區決於
4559440	4560440	有沒有這些方法
4560440	4561440	有這些方法
4561440	4562440	大作一定
4562440	4563440	會效果
4563440	4564440	一定會好的
4564440	4565440	但是我們
4565440	4566440	不要
4566440	4567440	不要覺得一開始
4567440	4568440	每一個
4568440	4568440	
4568440	4569440	都是
4569440	4570440	很好
4570440	4572440	很標準
4572440	4573440	這個是
4573440	4574440	沒辦法做到的
4574440	4575440	因為
4575440	4576440	我們的時間
4576440	4577440	還不夠
4577440	4578440	時間
4578440	4579440	這個投入的
4579440	4580440	還不夠
4580440	4581440	所以這個沒辦法做到
4581440	4582440	但是
4582440	4584440	一定會越來越好的
4584440	4585440	好
4585440	4586440	需要有
4586440	4587440	整年
4587440	4588440	修無倡
4588440	4589440	也是
4589440	4590440	然後我們
4590440	4592440	修這個無倡
4592440	4593440	修無倡
4593440	4594440	確實是
4594440	4595440	這個工德
4595440	4597440	是相當相當大的
4597440	4598440	佛經裡面
4598440	4598440	
4598440	4600440	非常的清楚
4600440	4601440	我們
4601440	4603440	如果這個無倡
4603440	4604440	修
4604440	4605440	一秒鐘
4605440	4606440	一分鐘
4606440	4608440	這個工德
4608440	4609440	遠遠超過了
4609440	4610440	我們的
4610440	4611440	很多的
4611440	4611440	
4611440	4612440	白佛
4612440	4613440	或者是其他的
4613440	4614440	這些
4614440	4616440	新善的工德
4616440	4617440	超過了
4617440	4618440	其他新善的工德
4618440	4619440	一定要修無倡
4619440	4621440	我們一定要修無倡
4623440	4624440	這是最重要的
4624440	4625440	這是
4625440	4626440	第一個修法
4626440	4627440	第一個修法
4627440	4629440	然後第二個修法
4629440	4631440	首先
4631440	4632440	我們去
4632440	4633440	幹守
4633440	4634440	外面的
4634440	4636440	石節的
4636440	4637440	邊化
4637440	4638440	以後
4638440	4639440	接下來
4639440	4640440	第二個
4640440	4641440	我們再去幹守
4641440	4642440	內災的
4642440	4643440	終身
4643440	4645440	用佛教的話來講
4645440	4647440	氣勢間
4647440	4648440	氣勢間
4648440	4649440	氣勢間
4649440	4650440	就是
4650440	4651440	石節
4651440	4652440	石節
4652440	4653440	就是我們的
4653440	4655440	一個容器一樣
4655440	4656440	所以
4656440	4657440	佛教裡面
4657440	4658440	經常這樣
4658440	4659440	氣勢間
4659440	4660440	然後第二個
4660440	4661440	就是
4661440	4662440	由親事件
4662440	4663440	終身
4663440	4664440	我們人類
4664440	4665440	還有其他的
4665440	4666440	東午
4666440	4667440	這些生命
4667440	4668440	這些生命
4668440	4669440	也都是邊化的
4669440	4671440	然後這個邊化
4671440	4672440	我們
4672440	4673440	也可以通過兩個
4673440	4674440	方面去思考
4674440	4675440	一個是
4675440	4676440	佛教講的
4676440	4677440	另外一個就是
4677440	4679440	現代科學的
4679440	4680440	這些
4680440	4681440	知識
4681440	4682440	兩個我們
4682440	4683440	都可以
4683440	4684440	有這兩個都
4684440	4685440	能夠說明
4685440	4686440	這個
4686440	4687440	生命
4687440	4688440	是邊化的
4688440	4689440	比如說
4689440	4690440	我們
4690440	4691440	也可以通過
4691440	4692440	這個
4692440	4693440	大爾文的
4693440	4694440	精華倫
4694440	4695440	這樣子的
4695440	4696440	這個
4696440	4697440	方面去思考
4697440	4698440	我們人類
4698440	4699440	是
4699440	4700440	怎麼樣精華過來的
4700440	4701440	一開始的時候
4701440	4702440	是什麼
4702440	4703440	海洋生物
4703440	4704440	然後
4704440	4705440	慢慢
4705440	4706440	上了今天的
4706440	4707440	人
4707440	4708440	這樣子也可以
4708440	4709440	或者是
4709440	4710440	佛教裡面
4710440	4711440	這樣
4711440	4711440	
4711440	4712440	不是精華過來的
4712440	4713440	人
4713440	4714440	一開始的時候
4714440	4715440	就是人
4715440	4716440	一開始的時候
4716440	4717440	就有
4717440	4718440	流到輪迴
4718440	4720440	不是精華過來
4720440	4721440	這樣子
4721440	4722440	也可以
4722440	4723440	這個
4723440	4724440	不管是
4724440	4725440	精華
4725440	4726440	而來
4726440	4727440	或者是
4727440	4728440	一開始就
4728440	4730440	有人類的存在
4730440	4731440	這兩個都
4731440	4732440	兩個都
4732440	4733440	都是一樣
4733440	4734440	都
4734440	4735440	明
4735440	4736440	邊化的
4736440	4737440	精華倫
4737440	4738440	就是很明顯的
4738440	4739440	邊化
4739440	4741440	然後另外一個
4741440	4743440	佛教這樣的
4743440	4744440	人類
4744440	4745440	一開始的時候
4745440	4746440	就這樣的
4746440	4747440	佛教
4747440	4749440	描述的一些
4749440	4750440	人類
4750440	4751440	一開始的時候
4751440	4752440	每個人
4752440	4753440	都有神通
4753440	4754440	每個人
4754440	4755440	自己身上發光
4755440	4756440	等等
4756440	4757440	這樣
4757440	4758440	非常非常地好
4758440	4759440	但是
4759440	4760440	慢慢
4760440	4761440	就
4761440	4762440	變成了
4762440	4763440	越來越不好
4763440	4764480	越來越
4764480	4765440	越左的
4765440	4766440	煩惱
4766440	4767440	然後就
4767440	4768440	越來越左的
4768440	4769440	彈
4769440	4770440	然後最後
4770440	4771440	就是變成了
4771440	4772440	今天這樣子
4772440	4774440	這是
4774440	4775440	從最好
4775440	4776440	到
4776440	4777440	慢慢的邊化
4777440	4778440	到最壞
4778440	4779440	精華倫
4779440	4780440	是一個
4780440	4781440	最壞的
4781440	4782440	一個
4782440	4783440	低等的
4783440	4784440	動物
4784440	4785440	然後慢慢精華
4785440	4786440	就變成
4786440	4787440	一個稿
4787440	4788440	反正
4788440	4789440	這兩個都
4789440	4790440	是邊化
4790440	4791440	從低等的
4791440	4792440	變成
4792440	4793440	從
4793440	4794440	源是
4794440	4795440	最好的
4795440	4796440	這個人類
4796440	4797440	變成我們
4797440	4798440	今天的人類
4798440	4799440	也好
4799440	4801440	都是可以的
4801440	4802440	但是這個是
4802440	4803440	我們今天
4803440	4804440	已經知道的
4804440	4805440	可學
4805440	4807440	的這些
4807440	4808440	是沒有辦法
4808440	4809440	解釋的
4809440	4810440	沒有辦法
4810440	4811440	解釋
4811440	4812440	沒有發現
4812440	4813440	這樣子的人類的
4813440	4814440	任何的
4814440	4816440	留下來的東西
4816440	4817440	但是
4817440	4818440	這也
4818440	4819440	沒有辦法
4819440	4820440	否定
4820440	4821440	因為它講的
4821440	4822440	不是
4822440	4823440	200萬年
4823440	4824440	不是
4824440	4825440	600萬年一類的
4825440	4826440	它是這樣
4826440	4827440	是一個
4827440	4828440	非常
4828440	4829440	更早的一個
4829440	4831440	更早的一個
4831440	4832440	狀態
4832440	4833440	那
4833440	4834440	傾行
4834440	4835440	但是
4835440	4836440	佛禁裡面
4836440	4836440	
4836440	4837440	這些東西
4837440	4838440	它是不是
4838440	4839440	一定是這樣子
4839440	4840440	也不一定
4840440	4841440	也不一定
4841440	4842440	我們都是
4842440	4843440	佛教徒
4843440	4844440	然後我們
4844440	4846440	我們一定要
4846440	4848440	承認
4848440	4849440	佛禁裡面
4849440	4850440	這樣的
4850440	4851440	其實
4851440	4852440	也不是這樣子
4852440	4853440	佛陀自己講的
4853440	4854440	很清楚了
4854440	4855440	有些東西
4855440	4856440	其實不是這樣子
4856440	4857440	但是
4857440	4858440	佛
4858440	4859440	為了當時的
4859440	4860440	這種
4860440	4862440	2500多年前的人
4862440	4863440	尤其是
4863440	4864440	佛陀這樣的時候
4864440	4865440	這些
4865440	4866440	都是
4866440	4867440	印度的
4867440	4870440	一個
4870440	4872440	一個地方的人
4872440	4873440	佛陀
4873440	4874440	雖然也就
4874440	4875440	去過了
4875440	4876440	像
4876440	4877440	斯利蘭
4877440	4877440	
4877440	4878440	一些其他的地方
4878440	4879440	但是
4879440	4880440	實際上
4880440	4881440	某一個大多數的
4881440	4882440	這些
4882440	4883440	疆法的地方
4883440	4884440	這是
4884440	4885440	就是印度的
4885440	4886440	一些
4886440	4887440	一個區域
4887440	4888440	那麼
4888440	4889440	一個區域
4889440	4890440	2500多年前
4890440	4891440	也有
4891440	4892440	各種各樣的文化
4892440	4893440	有各種各樣的
4893440	4894440	不同的文化
4894440	4895440	北京
4895440	4896440	然後
4896440	4897440	這些聽眾
4897440	4898440	這些聽的
4898440	4899440	這些人
4899440	4900440	佛陀
4900440	4901440	來聽佛陀的
4901440	4902440	法的這些人
4902440	4903440	是
4903440	4904440	特別特別
4904440	4905440	早
4905440	4906440	這個人特別早
4906440	4907440	有貧窮的
4907440	4909440	然後就有國王
4909440	4910440	然後又非常非常
4910440	4911440	這個
4911440	4912440	了不起的學知
4912440	4913440	然後
4913440	4914440	也有
4914440	4915440	普通的
4915440	4916440	這個
4916440	4917440	老百姓
4917440	4918440	什麼樣的人
4918440	4919440	都有
4919440	4921440	因為佛陀當時
4921440	4922440	就是主長
4922440	4923440	平等
4923440	4924440	平等不分
4924440	4925440	當時的這個
4925440	4926440	印度的
4926440	4927440	階級
4927440	4927440	
4927440	4928440	翻對
4928440	4929440	這個人
4929440	4930440	分這麼多的
4930440	4931440	層次的這種
4931440	4932440	這種做法
4932440	4933440	所以
4933440	4934440	就
4934440	4935440	這個
4935440	4936440	聽佛法
4936440	4937440	這個人
4937440	4938440	當中有各種各樣的
4938440	4939440	北京
4939440	4941440	包括外刀的
4941440	4942440	所以
4942440	4943440	佛陀就是
4943440	4944440	為了
4944440	4945440	都化某一個人
4945440	4947440	某一群
4947440	4949440	比較特殊的人
4949440	4950440	然後
4950440	4951440	他有些時候
4951440	4952440	就是回降一些
4952440	4953440	他們
4953440	4954440	能夠接受的
4954440	4955440	一些
4955440	4956440	這樣子的
4956440	4957440	滑體
4957440	4958440	然後這個
4958440	4959440	他們接受了
4959440	4960440	以後
4960440	4961440	佛就是
4961440	4962440	慢慢的
4962440	4963440	最後
4963440	4964440	就把他的這個
4964440	4965440	事情
4965440	4966440	不會一下子
4966440	4967440	將給他們
4967440	4968440	聽
4968440	4969440	要諸不諸不諸不諸不的
4969440	4970440	降
4970440	4971440	這個佛陀
4971440	4972440	非常非常的
4972440	4973440	主張
4973440	4974440	這種
4974440	4975440	穿法的方式
4975440	4976440	穿
4976440	4977440	這種穿法的方式
4977440	4978440	佛陀
4978440	4979440	指導
4979440	4980440	一定要有這樣子的方法
4980440	4981440	否則的話
4981440	4983440	一開始的時候
4983440	4984440	把
4984440	4985440	最後要向
4985440	4986440	告訴大家的東西
4986440	4987440	降出來的話
4987440	4988440	那麼
4988440	4989440	很多人是
4989440	4990440	沒辦法接受的
4990440	4991440	很多人
4991440	4992440	就當場
4992440	4993440	他們
4993440	4994440	就退出
4994440	4995440	這樣子的話
4995440	4996440	就是
4996440	4997440	佛
4997440	4998440	就
4998440	4999440	都化不了
4999440	5000440	這些終身
5000440	5001440	所以呢
5001440	5002440	佛
5002440	5003440	就有各種
5003440	5004440	各樣的
5004440	5005440	這些
5005440	5006440	這樣子的
5006440	5007440	比如說
5007440	5008440	描述某一個東西
5008440	5009440	在佛陣裡面
5009440	5010440	都有
5010440	5012440	七八種不同的說法
5012440	5013440	七八種不同
5013440	5014440	比如說
5014440	5015440	我們曾經也降過
5015440	5016440	比如說
5016440	5017440	日死
5017440	5018440	於是
5018440	5019440	這樣子的
5019440	5020440	這個
5020440	5021440	比較簡單的東西
5021440	5022440	在佛陣裡面
5022440	5023440	有很多
5023440	5024440	很多不同的說法
5024440	5025440	最終
5025440	5026440	就是在
5026440	5027440	思論靜岡裡面
5027440	5028440	這樣
5028440	5029440	就我們今天講的是
5029440	5030440	完全是一樣的
5030440	5031440	但是
5031440	5032440	其他的佛陣裡面
5032440	5033440	有太多
5033440	5034440	太多不一樣的
5034440	5035440	像
5035440	5036440	神話一樣的
5036440	5037440	像神迷的東西
5037440	5038440	這樣的特別
5038440	5039440	特別的多
5039440	5040440	那麼
5040440	5041440	這些都是
5041440	5043440	為了當時的
5043440	5044440	遊戲人
5044440	5046440	為了這個
5046440	5047440	符合
5047440	5048440	他們的
5048440	5049440	這個
5049440	5050440	相反
5050440	5051440	就是
5051440	5052440	一個多話
5052440	5053440	不同的文化
5053440	5054440	北京的人
5054440	5055440	佛陀有這樣子的說法
5055440	5056440	所以我們
5056440	5057440	也不需要
5057440	5058440	這麼的
5058440	5059440	佛教徒
5059440	5060440	就不需要
5060440	5061440	這麼的
5061440	5062440	蝦
5062440	5063440	說
5063440	5064440	一定就佛境裡面的
5064440	5065440	每一個字
5065440	5066440	每一句話
5066440	5067440	一定是
5067440	5068440	真實的
5068440	5069440	除了我們講的
5069440	5070440	這些東西
5070440	5071440	以外
5071440	5072440	其他的我們都不稱人
5072440	5073440	都是錯誤
5073440	5074440	不能有這樣子的
5074440	5075440	不能有這樣子的
5075440	5076440	相反
5076440	5077440	佛教
5077440	5077440	
5077440	5078440	這是一個
5078440	5079440	非常開放的
5079440	5080440	一個
5080440	5082440	宗教
5082440	5083440	所以我們
5083440	5084440	就是要
5084440	5085440	把這個
5085440	5086440	佛境裡面的
5086440	5087440	有些
5087440	5088440	符合的
5088440	5089440	符合現代科學的
5089440	5090440	佛境裡面
5090440	5091440	沒有講
5091440	5092440	也沒問題
5092440	5093440	我們可以去思考這樣子
5093440	5095440	我們完全可以接受
5095440	5096440	然後
5096440	5097440	有些
5097440	5099440	佛境裡面講的
5099440	5100440	這個
5100440	5102440	跟現代的科學
5102440	5103440	講的不符合
5103440	5104440	但是
5104440	5105440	也沒問題的
5105440	5106440	這個佛境裡面
5106440	5107440	講的
5107440	5108440	有些是
5108440	5109440	對人類而講
5109440	5111440	尤其是對
5111440	5112440	其他的這個
5112440	5113440	生命中生
5113440	5115440	針對其他中生講
5115440	5116440	那麼
5116440	5117440	其他的中生
5117440	5118440	看這個
5118440	5119440	低邱
5119440	5120440	他看到的東西
5120440	5122440	跟我們人類看到的東西
5122440	5124440	也不一樣的
5124440	5125440	這個也
5125440	5126440	就是
5126440	5127440	只有佛教才
5127440	5128440	能夠講的
5128440	5129440	一個
5129440	5130440	非常生熬的
5130440	5131440	道歷
5131440	5133440	這個我們可以慢慢的學習
5133440	5134440	所以
5134440	5136440	這些都是
5136440	5137440	這些都是
5137440	5138440	不是很重要的問題
5138440	5140440	就是我們要
5140440	5141440	要這個
5141440	5144440	要符合現世
5144440	5146440	現世是什麼樣子
5146440	5147440	就是什麼樣子
5147440	5148440	所以我們
5148440	5150440	兩邊都可以去思考
5150440	5151440	像佛教這樣的
5151440	5152440	這樣的
5152440	5153440	去思考
5153440	5154440	也可以
5154440	5155440	或者是
5155440	5156440	用現代科學講的
5156440	5157440	那樣子去
5157440	5158440	就是像
5158440	5159440	金花輪的
5159440	5160440	這個方法去思考
5160440	5161440	都可以
5161440	5162440	都沒有問題
5162440	5164440	反正這兩個都在講
5164440	5165440	生命是變化的
5165440	5166440	無常的
5166440	5167440	我們需要的
5167440	5168440	就是
5168440	5170440	我們需要的結論
5170440	5171440	是無常
5171440	5172440	這樣子
5172440	5173440	去想
5173440	5174440	然後
5174440	5177440	佛經裡面經常講
5177440	5179440	經常講
5179440	5181440	我們全世界所有的人
5181440	5183440	在過一百年
5183440	5184440	以後我們所有人
5184440	5186440	都不存在的
5186440	5188440	比如說我們今天
5188440	5190440	有這麼多人在聽
5190440	5191440	然後我們今天
5191440	5192440	拍一個照
5192440	5193440	留下來
5193440	5194440	然後
5194440	5196440	一百年
5196440	5197440	也一百年以後
5197440	5198440	的人看
5198440	5200440	他就會說
5200440	5202440	這個就是一百年前
5202440	5203440	有一天
5203440	5205440	某些人在聽課
5205440	5206440	在江科
5206440	5207440	但是
5207440	5208440	現在這些人
5208440	5209440	都不在了
5209440	5211440	他們都已經
5211440	5212440	往生了
5212440	5213440	這些都是
5213440	5215440	一些私人的照片
5215440	5217440	都不存在的
5217440	5219440	他們一定會這麼說的
5219440	5220440	就像我們
5220440	5221440	現在看到的
5221440	5222440	就是
5222440	5223440	一些
5223440	5225440	古老的這些照片裡面的人
5225440	5227440	他們都已經不存在了
5227440	5228440	他們都已經是
5228440	5229440	已經死了
5229440	5230440	人全部都是
5230440	5232440	私人的照片
5232440	5234440	就是這樣子
5234440	5235440	佛教講的
5235440	5236440	然後我們
5236440	5237440	可以通過現代的
5237440	5238440	方面去思考
5238440	5239440	也可以
5239440	5240440	比如說
5240440	5241440	我們現在
5241440	5242440	地球上
5242440	5243440	有
5243440	5244440	其實一人口
5244440	5246440	然後我們
5246440	5247440	每一天
5247440	5248440	有
5248440	5249440	十六萬人
5249440	5250440	全球
5250440	5251440	有平均
5251440	5252440	是六萬人
5252440	5253440	死亡
5253440	5254440	每一天
5254440	5255440	全世界
5255440	5256440	來講
5256440	5257440	有十六萬人
5257440	5258440	死亡
5258440	5259440	然後每一天
5259440	5261440	有十六萬人
5261440	5262440	死亡的話
5262440	5263440	那麼
5263440	5264440	每一年
5264440	5265440	多少
5265440	5266440	然後這樣子
5266440	5267440	計算的話
5267440	5268440	那麼就是
5268440	5270440	一百一十九年當中
5270440	5271440	我們的
5271440	5272440	其實一人口
5272440	5273440	都會死掉的
5273440	5276440	需要一百一十九年
5276440	5278440	那
5278440	5280440	一百一十九年
5280440	5281440	然後比如說
5281440	5282440	我們今天
5282440	5283440	全世界
5283440	5284440	所有的人
5284440	5285440	假實
5285440	5286440	我們大家
5286440	5287440	居在一期
5287440	5289440	拍一個照片
5289440	5290440	然後
5290440	5291440	留下來
5291440	5292440	我們的全球
5292440	5294440	七十一人口的合應
5294440	5295440	然後
5295440	5296440	一百
5296440	5298440	再過一百二十年
5298440	5299440	一口的
5299440	5300440	一天
5300440	5301440	某一天
5301440	5302440	有一個人
5302440	5303440	就納到了
5303440	5304440	這個照片一看
5304440	5305440	這個照片
5305440	5306440	上面
5306440	5307440	有七十一人口
5307440	5308440	但是
5308440	5310440	對七十一人口
5310440	5311440	現在都不存在
5311440	5312440	這些人都死了
5312440	5314440	對七十一人
5314440	5315440	這個照片
5315440	5316440	都是
5316440	5317440	四人的照片
5317440	5318440	這裡面
5318440	5319440	沒有一個是活動
5319440	5321440	這樣子
5321440	5322440	這叫做
5322440	5323440	終身
5323440	5324440	終身的
5324440	5325440	這個物廠
5325440	5326440	就是這樣子
5326440	5328440	這些都
5328440	5329440	首先
5329440	5331440	首先就不去死亡
5331440	5332440	我自己的
5332440	5333440	個人的
5333440	5334440	身體的
5334440	5335440	邊花呀
5335440	5336440	收明的邊花
5336440	5337440	首先
5337440	5339440	我們用這個紅冠的
5339440	5340440	去思考一下
5340440	5341440	這些
5341440	5344440	這樣子
5344440	5345440	以後我們最終
5345440	5346440	得出來的
5346440	5347440	這個結論
5347440	5348440	是什麼呢
5348440	5349440	然後
5349440	5350440	不但是
5350440	5351440	外在的
5351440	5352440	這個
5352440	5353440	宇宙
5353440	5354440	太陽席
5354440	5355440	或者我們的
5355440	5356440	居住的
5356440	5357440	地球在邊花
5357440	5358440	而且
5358440	5359440	我們內在的
5359440	5360440	這個
5360440	5361440	終身
5361440	5362440	就是
5362440	5363440	就在這個
5363440	5364440	地球上的
5364440	5365440	終身
5365440	5366440	整體
5366440	5367440	來將
5367440	5368440	也在邊花
5368440	5369440	不是我
5369440	5370440	一個人的邊花
5370440	5371440	整體將
5371440	5373440	其實以人口
5373440	5374440	也都在
5374440	5375440	這樣子
5375440	5376440	不管是
5376440	5377440	佛教的教祖
5377440	5378440	不管是
5378440	5379440	進化
5379440	5380440	輪的角度
5380440	5381440	看
5381440	5382440	都在
5382440	5383440	不斷地在邊花
5383440	5385440	然後呢
5385440	5386440	一百一十
5386440	5387440	九年
5387440	5388440	過去了
5388440	5389440	以後
5389440	5390440	我們今天的
5390440	5391440	地球上的
5391440	5392440	所有的人
5392440	5393440	都已經
5393440	5394440	不存在了
5394440	5395440	都已經死掉
5395440	5397440	都已經死光了
5397440	5398440	這是
5398440	5400440	一個紅管的
5400440	5401440	整體的
5401440	5402440	一個
5402440	5403440	所有終身的
5403440	5404440	一個邊花
5404440	5406440	這樣去思考
5406440	5408440	這是第二個
5408440	5410440	思維的方式
5410440	5411440	我們今天
5411440	5412440	七個當中
5412440	5413440	就講
5413440	5414440	兩個
5414440	5415440	第二個
5415440	5416440	思維的方式
5416440	5417440	然後呢
5417440	5419440	通過這兩個
5419440	5420440	思維
5420440	5421440	翻覆的
5421440	5422440	去思考了
5422440	5423440	以後
5423440	5424440	我們就有一個
5424440	5425440	神的影響
5425440	5427440	很深刻的影響
5427440	5428440	這個影響
5428440	5429440	就是什麼呢
5429440	5429440	
5429440	5430440	宇宙
5430440	5431440	也在邊花
5431440	5433440	然後呢
5433440	5435440	終身的
5435440	5436440	整體上
5436440	5437440	也有
5437440	5438440	很大的邊花
5438440	5439440	這些
5439440	5440440	我們都知道
5440440	5441440	為什麼還要修呢
5441440	5442440	這個
5442440	5443440	我們剛才已經
5443440	5444440	接受過了
5444440	5445440	直到
5445440	5446440	是理論上
5446440	5447440	直到動
5447440	5448440	但是
5448440	5449440	故子裡面
5449440	5450440	就是我們
5450440	5450440	
5450440	5451440	吃
5451440	5452440	有另外一種
5452440	5453440	觀點
5453440	5455440	現在我們
5455440	5456440	把這些
5456440	5457440	理論上的東西
5457440	5458440	來
5458440	5459440	推翻
5459440	5460440	我們的這種
5460440	5461440	這種
5461440	5462440	在我們的
5462440	5463440	類型當中
5463440	5464440	已經更深
5464440	5465440	低估了的這種觀點
5465440	5467440	推翻這個觀點
5467440	5468440	所以要大做
5468440	5469440	翻覆的思考
5469440	5471440	翻覆的思考
5471440	5472440	翻覆的思考
5472440	5473440	所以我們
5473440	5474440	這個
5474440	5475440	理論上
5475440	5476440	直到
5476440	5477440	還不夠
5477440	5478440	不夠
5478440	5479440	理論上的
5479440	5480440	這些
5480440	5481440	直到的
5481440	5482440	這些很多東西
5482440	5483440	在這個生活當中
5483440	5484440	它不起作用
5484440	5487440	起不了作用
5487440	5488440	起不了作用
5488440	5489440	那麼
5489440	5490440	我們現在
5490440	5491440	就是希望
5491440	5492440	我們理論上
5492440	5493440	直到的
5493440	5494440	接受的
5494440	5495440	這些東西
5495440	5496440	能夠
5496440	5498440	在現實生活當中
5498440	5500440	充分的使用
5500440	5502440	能夠在現實生活當中
5502440	5503440	發揮
5503440	5504440	作用
5504440	5505440	就是我們
5505440	5506440	為了大到這個目標
5506440	5507440	翻覆的
5507440	5508440	去思考
5508440	5509440	但是
5509440	5510440	我們的這些
5510440	5511440	考是
5511440	5512440	必須要符合邏輯
5512440	5513440	符合邏輯
5513440	5514440	符合
5514440	5515440	先世
5515440	5516440	然後
5516440	5517440	現實
5517440	5518440	不管是
5518440	5519440	從哪一個
5519440	5520440	角度
5520440	5521440	現代的
5521440	5522440	古代的
5522440	5523440	那一個角度
5523440	5524440	將
5524440	5525440	最終的結論
5525440	5526440	都是一樣
5526440	5527440	都是變化無常
5527440	5529440	我們最好需要的是這個
5529440	5530440	我們
5530440	5531440	首先
5531440	5532440	把這個
5532440	5533440	理論上的知識
5533440	5534440	我們
5534440	5535440	現在知道的
5535440	5536440	都是理論上的知識
5536440	5538440	理論上的知識
5538440	5540440	要辨成我自己的
5540440	5541440	替會
5541440	5543440	要辨成我自己的感受
5543440	5545440	我們
5545440	5546440	怎麼把
5546440	5547440	怎麼樣把這個
5547440	5549440	理論上的知識
5549440	5550440	轉化為
5550440	5552440	我自己的感受呢
5552440	5553440	這就是需要大作
5553440	5555440	需要去思考
5555440	5556440	然後
5556440	5557440	當它
5557440	5558440	辨成了一個
5558440	5561440	我們自己的感受的時候呢
5561440	5563440	雖然是我們自己的感受
5563440	5564440	但是
5564440	5565440	它的力量
5565440	5567440	還是很微弱的
5567440	5568440	所以
5568440	5569440	我們要把它的
5569440	5570440	這個
5570440	5571440	要
5571440	5572440	把它的這個
5572440	5573440	力量
5573440	5575440	要培養它的力量
5575440	5576440	培養它的力量
5576440	5578440	不斷的增長
5578440	5579440	不斷的增長
5579440	5580440	增長到
5580440	5581440	什麼樣的這個
5581440	5582440	程度呢
5582440	5583440	它能夠
5583440	5585440	干涉我的生活
5585440	5586440	能夠
5586440	5587440	干涉到我的
5587440	5588440	這個生活當中
5588440	5591440	它可以干預到我的生活
5591440	5592440	現在
5592440	5593440	我們理論上
5593440	5595440	知道的這些東西呢
5595440	5596440	雖然是理論上
5596440	5598440	知道但是它不會干預到我們生活
5598440	5599440	我們生活當中
5599440	5600440	該怎麼樣
5600440	5602440	就是怎麼還是怎麼樣
5602440	5603440	所以它不論
5603440	5605440	不會不會干預我們的生活
5605440	5606440	最後我們需要
5606440	5608440	大到這樣子的效果
5608440	5610440	所以要翻譜的去思考
5610440	5610440	
5610440	5611440	我們今天將
5611440	5613440	這兩個思考的
5613440	5615440	這個思維的方法
5615440	5616440	希望大家
5616440	5618440	從現在開始
5618440	5619440	修
5619440	5621440	我們的這個
5621440	5623440	計劃
5623440	5624440	基本上
5624440	5626440	每天是兩個小時
5626440	5627440	每天兩個小時
5627440	5628440	照上一個小時
5628440	5630440	萬上一個小時
5630440	5632440	然後需要修兩個月
5632440	5634440	就兩個多月
5634440	5637440	需要修150個小時
5637440	5639440	需要修150個小時
5639440	5642440	就是需要兩個多月
5642440	5643440	這樣子
5643440	5644440	但是我們
5644440	5647440	不是今天講的這兩個思考
5647440	5650440	我講的是這個死亡物廠
5650440	5652440	是
5652440	5653440	是比較
5653440	5654440	大家的感觸
5654440	5655440	是比較
5655440	5656440	比較深刻
5656440	5657440	然後呢
5657440	5658440	比較容易
5658440	5659440	有感覺
5659440	5661440	所以我們
5661440	5662440	就這個時間
5662440	5663440	想像
5663440	5665440	展示就是兩個多月
5665440	5667440	這樣子
5667440	5668440	那如果
5668440	5669440	到時候
5669440	5670440	不狗的話
5670440	5671440	這個時間
5671440	5672440	可以在
5672440	5674440	在安排
5674440	5675440	然後呢
5675440	5676440	我們今天
5676440	5677440	只講了兩個
5677440	5678440	還有
5678440	5679440	還有五個
5679440	5680440	其他的這個思維的方式
5680440	5681440	這個我們
5681440	5682440	今天
5682440	5683440	還有繼續講
5683440	5684440	明天
5684440	5685440	也有
5685440	5686440	也有可
5686440	5687440	時間
5687440	5688440	就是
5688440	5689440	跟今天一樣的
5689440	5690440	好
5690440	5691440	今天我們講到這裡
5691440	5692440	好
5692440	5693440	我們現在
5693440	5694440	走回向
5711440	5714440	嗚
5714440	5715440	嗚
5715440	5719940	嗚
5719940	5723440	嗚
5723440	5724940	嗚
5724940	5727440	嗚
5727440	5730940	嗚
5730940	5733440	嗚
5733440	5736440	嗚
5736440	5738440	嗚
5738440	5740440	嗚
5740440	5740940	嗚
